Mark,Type,Timestamp,Start,End,Direction
1,pulse,00.04,00.04,00.04,
1,pulse,00.06,00.04,00.06,
1,pulse,00.08,00.04,00.08,
1,pulse,00.10,00.04,00.10,
1,pulse,00.12,00.04,00.12,
1,pulse,00.14,00.04,00.14,
1,pulse,00.16,00.04,00.16,
1,pulse,00.18,00.04,00.18,
1,pulse,00.20,00.04,00.20,
1,breath,00.40,00.40,00.40,
1,breath,00.43,00.40,00.43,
1,breath,00.46,00.40,00.46,
1,breath,00.49,00.40,00.49,
1,breath,00.51,00.40,00.51,
1,breath,00.54,00.40,00.54,
1,breath,00.57,00.40,00.57,
1,breath,01.00,00.40,01.00,
1,breath,01.03,00.40,01.03,
2,pulse,02.13,00.04,02.13,
2,pulse,02.16,00.04,02.16,
2,pulse,02.17,00.04,02.17,
2,pulse,02.19,00.04,02.19,
2,pulse,02.20,00.04,02.20,
2,pulse,02.22,00.04,02.22,
2,pulse,02.24,00.04,02.24,
2,breath,02.38,00.40,02.38,
2,breath,02.40,00.40,02.40,
2,breath,02.42,00.40,02.42,
2,breath,02.45,00.40,02.45,
2,breath,02.47,00.40,02.47,
2,breath,02.49,00.40,02.49,
2,breath,02.52,00.40,02.52,
2,breath,02.54,00.40,02.54,
2,breath,02.57,00.40,02.57,
3,pulse,03.07,00.04,03.07,
3,pulse,03.08,00.04,03.08,
3,pulse,03.09,00.04,03.09,
3,pulse,03.11,00.04,03.11,
3,pulse,03.12,00.04,03.12,
3,pulse,03.13,00.04,03.13,
3,pulse,03.15,00.04,03.15,
3,pulse,03.16,00.04,03.16,
3,pulse,03.17,00.04,03.17,
3,pulse,03.19,00.04,03.19,
3,breath,03.23,00.40,03.23,
3,breath,03.25,00.40,03.25,
3,breath,03.28,00.40,03.28,
3,breath,03.30,00.40,03.30,
3,breath,03.32,00.40,03.32,
3,breath,03.35,00.40,03.35,
3,breath,03.38,00.40,03.38,
3,breath,03.40,00.40,03.40,
3,breath,03.43,00.40,03.43,
3,breath,03.46,00.40,03.46,
4,pulse,03.54,00.04,03.54,
4,pulse,03.55,00.04,03.55,
4,pulse,03.57,00.04,03.57,
4,pulse,03.58,00.04,03.58,
4,pulse,04.01,00.04,04.01,
4,pulse,04.41,00.04,04.41,
4,pulse,04.42,00.04,04.42,
4,pulse,04.43,00.04,04.43,
4,pulse,04.44,00.04,04.44,
4,pulse,04.46,00.04,04.46,
4,pulse,04.47,00.04,04.47,
4,pulse,04.48,00.04,04.48,
4,pulse,04.51,00.04,04.51,
4,pulse,04.52,00.04,04.52,
4,pulse,04.54,00.04,04.54,
4,breath,04.58,00.40,04.58,
4,breath,04.59,00.40,04.59,
4,breath,05.03,00.40,05.03,
4,breath,05.05,00.40,05.05,
4,breath,05.08,00.40,05.08,
4,breath,05.10,00.40,05.10,
4,breath,05.13,00.40,05.13,
4,breath,05.15,00.40,05.15,
4,breath,05.18,00.40,05.18,
4,breath,05.20,00.40,05.20,
5,pulse,05.36,00.04,05.36,
5,pulse,05.37,00.04,05.37,
5,pulse,05.38,00.04,05.38,
5,pulse,06.20,00.04,06.20,
5,pulse,06.21,00.04,06.21,
5,pulse,06.22,00.04,06.22,
5,pulse,06.24,00.04,06.24,
5,pulse,06.26,00.04,06.26,
5,pulse,06.28,00.04,06.28,
5,pulse,06.30,00.04,06.30,
5,pulse,06.32,00.04,06.32,
5,pulse,06.34,00.04,06.34,
5,pulse,06.35,00.04,06.35,
5,breath,06.39,00.40,06.39,
5,breath,06.41,00.40,06.41,
5,breath,06.44,00.40,06.44,
5,breath,06.45,00.40,06.45,
5,breath,06.47,00.40,06.47,
5,breath,06.50,00.40,06.50,
5,breath,06.53,00.40,06.53,
5,breath,06.55,00.40,06.55,
5,breath,06.58,00.40,06.58,
5,breath,07.01,00.40,07.01,
5,breath,07.03,00.40,07.03,
6,pulse,07.12,00.04,07.12,
6,pulse,07.13,00.04,07.13,
6,pulse,07.14,00.04,07.14,
6,pulse,07.16,00.04,07.16,
6,pulse,07.17,00.04,07.17,
6,pulse,07.19,00.04,07.19,
6,breath,07.34,00.40,07.34,
6,breath,07.37,00.40,07.37,
6,breath,07.39,00.40,07.39,
6,breath,07.43,00.40,07.43,
6,breath,07.45,00.40,07.45,
6,breath,07.48,00.40,07.48,
6,breath,07.51,00.40,07.51,
6,breath,07.54,00.40,07.54,
6,breath,07.57,00.40,07.57,
6,breath,07.59,00.40,07.59,
7,pulse,08.08,00.04,08.08,
7,pulse,08.09,00.04,08.09,
7,pulse,08.11,00.04,08.11,
7,pulse,08.12,00.04,08.12,
7,pulse,08.13,00.04,08.13,
7,pulse,08.14,00.04,08.14,
7,pulse,08.16,00.04,08.16,
7,pulse,08.18,00.04,08.18,
7,pulse,08.19,00.04,08.19,
7,pulse,08.20,00.04,08.20,
7,breath,08.25,00.40,08.25,
7,breath,08.27,00.40,08.27,
7,breath,08.30,00.40,08.30,
7,breath,08.32,00.40,08.32,
7,breath,08.35,00.40,08.35,
7,breath,08.38,00.40,08.38,
7,breath,08.41,00.40,08.41,
7,breath,08.43,00.40,08.43,
7,breath,08.46,00.40,08.46,
7,breath,08.49,00.40,08.49,
8,pulse,09.09,00.04,09.09,
8,pulse,09.10,00.04,09.10,
8,pulse,09.11,00.04,09.11,
8,pulse,09.13,00.04,09.13,
8,pulse,09.14,00.04,09.14,
8,pulse,09.15,00.04,09.15,
8,pulse,09.17,00.04,09.17,
8,pulse,09.19,00.04,09.19,
8,pulse,09.21,00.04,09.21,
8,pulse,09.23,00.04,09.23,
8,breath,09.27,00.40,09.27,
8,breath,09.30,00.40,09.30,
8,breath,09.32,00.40,09.32,
8,breath,09.35,00.40,09.35,
8,breath,09.37,00.40,09.37,
8,breath,09.40,00.40,09.40,
8,breath,09.43,00.40,09.43,
8,breath,09.45,00.40,09.45,
8,breath,09.48,00.40,09.48,
8,breath,09.50,00.40,09.50,
9,pulse,10.00,00.04,10.00,
9,pulse,10.00,00.04,10.00,
9,pulse,10.01,00.04,10.01,
9,pulse,10.02,00.04,10.02,
9,pulse,10.04,00.04,10.04,
9,pulse,10.05,00.04,10.05,
9,pulse,10.07,00.04,10.07,
9,pulse,10.07,00.04,10.07,
9,pulse,10.08,00.04,10.08,
9,pulse,10.09,00.04,10.09,
9,pulse,10.11,00.04,10.11,
9,breath,10.15,00.40,10.15,
9,breath,10.17,00.40,10.17,
9,breath,10.20,00.40,10.20,
9,breath,10.23,00.40,10.23,
9,breath,10.26,00.40,10.26,
9,breath,10.28,00.40,10.28,
9,breath,10.31,00.40,10.31,
9,breath,10.34,00.40,10.34,
9,breath,10.36,00.40,10.36,
9,breath,10.39,00.40,10.39,
10,pulse,10.50,00.04,10.50,
10,pulse,10.52,00.04,10.52,
10,pulse,10.53,00.04,10.53,
10,pulse,10.54,00.04,10.54,
10,pulse,10.55,00.04,10.55,
10,pulse,10.57,00.04,10.57,
10,pulse,10.58,00.04,10.58,
10,pulse,10.59,00.04,10.59,
10,pulse,11.01,00.04,11.01,
10,pulse,11.02,00.04,11.02,
10,breath,11.12,00.40,11.12,
10,breath,11.14,00.40,11.14,
10,breath,11.17,00.40,11.17,
10,breath,11.20,00.40,11.20,
10,breath,11.22,00.40,11.22,
10,breath,11.25,00.40,11.25,
10,breath,11.26,00.40,11.26,
10,breath,11.31,00.40,11.31,
10,breath,11.33,00.40,11.33,
10,breath,11.36,00.40,11.36,
11,pulse,11.44,00.04,11.44,
11,pulse,11.45,00.04,11.45,
11,pulse,11.47,00.04,11.47,
11,pulse,11.48,00.04,11.48,
11,pulse,11.50,00.04,11.50,
11,pulse,11.51,00.04,11.51,
11,pulse,11.53,00.04,11.53,
11,pulse,11.54,00.04,11.54,
11,pulse,11.56,00.04,11.56,
11,pulse,11.57,00.04,11.57,
11,breath,12.02,00.40,12.02,
11,breath,12.05,00.40,12.05,
11,breath,12.08,00.40,12.08,
11,breath,12.11,00.40,12.11,
11,breath,12.12,00.40,12.12,
11,breath,12.16,00.40,12.16,
11,breath,12.19,00.40,12.19,
11,breath,12.22,00.40,12.22,
11,breath,12.24,00.40,12.24,
11,breath,12.26,00.40,12.26,
12,pulse,12.35,00.04,12.35,
12,pulse,12.36,00.04,12.36,
12,pulse,12.37,00.04,12.37,
12,pulse,12.39,00.04,12.39,
12,pulse,12.40,00.04,12.40,
12,pulse,12.42,00.04,12.42,
12,pulse,12.43,00.04,12.43,
12,pulse,12.45,00.04,12.45,
12,pulse,12.47,00.04,12.47,
12,pulse,12.49,00.04,12.49,
12,breath,12.54,00.40,12.54,
12,breath,12.56,00.40,12.56,
12,breath,12.59,00.40,12.59,
12,breath,13.02,00.40,13.02,
12,breath,13.05,00.40,13.05,
12,breath,13.07,00.40,13.07,
12,breath,13.11,00.40,13.11,
12,breath,13.14,00.40,13.14,
12,breath,13.17,00.40,13.17,
12,breath,13.20,00.40,13.20,
13,pulse,13.28,00.04,13.28,
13,pulse,13.30,00.04,13.30,
13,pulse,13.31,00.04,13.31,
13,pulse,13.33,00.04,13.33,
13,pulse,13.34,00.04,13.34,
13,pulse,13.35,00.04,13.35,
13,pulse,13.39,00.04,13.39,
13,pulse,13.41,00.04,13.41,
13,pulse,13.42,00.04,13.42,
13,pulse,13.44,00.04,13.44,
13,pulse,13.45,00.04,13.45,
13,breath,13.50,00.40,13.50,
13,breath,13.53,00.40,13.53,
13,breath,13.53,00.40,13.53,
13,breath,13.56,00.40,13.56,
13,breath,13.59,00.40,13.59,
13,breath,14.02,00.40,14.02,
13,breath,14.05,00.40,14.05,
13,breath,14.08,00.40,14.08,
13,breath,14.11,00.40,14.11,
13,breath,14.14,00.40,14.14,
13,breath,14.17,00.40,14.17,
14,pulse,14.24,00.04,14.24,
14,pulse,14.28,00.04,14.28,
14,pulse,14.29,00.04,14.29,
14,pulse,14.31,00.04,14.31,
14,pulse,14.32,00.04,14.32,
14,pulse,14.33,00.04,14.33,
14,pulse,14.35,00.04,14.35,
14,pulse,14.37,00.04,14.37,
14,pulse,14.39,00.04,14.39,
14,pulse,14.41,00.04,14.41,
14,pulse,14.43,00.04,14.43,
14,pulse,14.43,00.04,14.43,
14,breath,14.48,00.40,14.48,
14,breath,14.52,00.40,14.52,
14,breath,14.55,00.40,14.55,
14,breath,14.58,00.40,14.58,
14,breath,15.00,00.40,15.00,
14,breath,15.03,00.40,15.03,
14,breath,15.06,00.40,15.06,
14,breath,15.08,00.40,15.08,
14,breath,15.11,00.40,15.11,
14,breath,15.13,00.40,15.13,
15,pulse,15.19,00.04,15.19,
15,pulse,15.20,00.04,15.20,
15,pulse,15.21,00.04,15.21,
15,pulse,15.23,00.04,15.23,
15,pulse,15.24,00.04,15.24,
15,pulse,15.26,00.04,15.26,
15,pulse,15.27,00.04,15.27,
15,pulse,15.28,00.04,15.28,
15,pulse,15.30,00.04,15.30,
15,pulse,15.31,00.04,15.31,
15,breath,15.36,00.40,15.36,
15,breath,15.39,00.40,15.39,
15,breath,15.42,00.40,15.42,
15,breath,15.44,00.40,15.44,
15,breath,15.47,00.40,15.47,
15,breath,15.49,00.40,15.49,
15,breath,15.52,00.40,15.52,
15,breath,15.54,00.40,15.54,
15,breath,15.56,00.40,15.56,
15,breath,15.59,00.40,15.59,
16,pulse,16.07,00.04,16.07,
16,pulse,16.08,00.04,16.08,
16,pulse,16.10,00.04,16.10,
16,pulse,16.11,00.04,16.11,
16,pulse,16.14,00.04,16.14,
16,pulse,16.15,00.04,16.15,
16,pulse,16.18,00.04,16.18,
16,pulse,16.21,00.04,16.21,
16,pulse,16.23,00.04,16.23,
16,pulse,16.25,00.04,16.25,
16,breath,16.29,00.40,16.29,
16,breath,16.32,00.40,16.32,
16,breath,16.34,00.40,16.34,
16,breath,16.37,00.40,16.37,
16,breath,16.39,00.40,16.39,
16,breath,16.42,00.40,16.42,
16,breath,16.45,00.40,16.45,
16,breath,16.48,00.40,16.48,
16,breath,16.50,00.40,16.50,
16,breath,16.52,00.40,16.52,
17,pulse,17.07,00.04,17.07,
17,pulse,17.08,00.04,17.08,
17,pulse,17.09,00.04,17.09,
17,pulse,17.11,00.04,17.11,
17,pulse,17.12,00.04,17.12,
17,pulse,17.14,00.04,17.14,
17,pulse,17.15,00.04,17.15,
17,pulse,17.17,00.04,17.17,
17,pulse,17.18,00.04,17.18,
17,pulse,17.20,00.04,17.20,
17,breath,17.24,00.40,17.24,
17,breath,17.26,00.40,17.26,
17,breath,17.29,00.40,17.29,
17,breath,17.32,00.40,17.32,
17,breath,17.35,00.40,17.35,
17,breath,17.38,00.40,17.38,
17,breath,17.40,00.40,17.40,
17,breath,17.43,00.40,17.43,
17,breath,17.46,00.40,17.46,
17,breath,17.49,00.40,17.49,
18,pulse,18.08,00.04,18.08,
18,pulse,18.09,00.04,18.09,
18,pulse,18.11,00.04,18.11,
18,pulse,18.12,00.04,18.12,
18,pulse,18.14,00.04,18.14,
18,pulse,18.15,00.04,18.15,
18,pulse,18.16,00.04,18.16,
18,pulse,18.16,00.04,18.16,
18,pulse,18.18,00.04,18.18,
18,pulse,18.19,00.04,18.19,
18,pulse,18.21,00.04,18.21,
18,breath,18.24,00.40,18.24,
18,breath,18.26,00.40,18.26,
18,breath,18.29,00.40,18.29,
18,breath,18.31,00.40,18.31,
18,breath,18.34,00.40,18.34,
18,breath,18.36,00.40,18.36,
18,breath,18.39,00.40,18.39,
18,breath,18.42,00.40,18.42,
18,breath,18.44,00.40,18.44,
18,breath,18.47,00.40,18.47,
19,pulse,18.57,00.04,18.57,
19,pulse,19.12,00.04,19.12,
19,pulse,19.13,00.04,19.13,
19,pulse,19.14,00.04,19.14,
19,pulse,19.16,00.04,19.16,
19,pulse,19.18,00.04,19.18,
19,pulse,19.20,00.04,19.20,
19,pulse,19.22,00.04,19.22,
19,pulse,19.24,00.04,19.24,
19,pulse,19.26,00.04,19.26,
19,breath,19.37,00.40,19.37,
19,breath,19.40,00.40,19.40,
19,breath,19.42,00.40,19.42,
19,breath,19.45,00.40,19.45,
19,breath,19.47,00.40,19.47,
19,breath,19.50,00.40,19.50,
19,breath,19.52,00.40,19.52,
19,breath,19.55,00.40,19.55,
19,breath,19.57,00.40,19.57,
19,breath,19.59,00.40,19.59,
20,pulse,20.16,00.04,20.16,
20,pulse,20.17,00.04,20.17,
20,pulse,20.19,00.04,20.19,
20,pulse,20.20,00.04,20.20,
20,pulse,20.22,00.04,20.22,
20,pulse,20.23,00.04,20.23,
20,pulse,20.24,00.04,20.24,
20,pulse,20.26,00.04,20.26,
20,pulse,20.28,00.04,20.28,
20,pulse,20.29,00.04,20.29,
20,breath,20.36,00.40,20.36,
20,breath,20.38,00.40,20.38,
20,breath,20.41,00.40,20.41,
20,breath,20.41,00.40,20.41,
20,breath,20.43,00.40,20.43,
20,breath,20.46,00.40,20.46,
20,breath,20.48,00.40,20.48,
20,breath,20.51,00.40,20.51,
20,breath,20.54,00.40,20.54,
20,breath,20.56,00.40,20.56,
20,breath,20.58,00.40,20.58,
21,pulse,21.20,00.04,21.20,
21,pulse,21.22,00.04,21.22,
21,pulse,21.23,00.04,21.23,
21,pulse,21.25,00.04,21.25,
21,pulse,21.26,00.04,21.26,
21,pulse,21.30,00.04,21.30,
21,pulse,21.32,00.04,21.32,
21,pulse,21.34,00.04,21.34,
21,pulse,21.36,00.04,21.36,
21,pulse,21.38,00.04,21.38,
21,breath,21.43,00.40,21.43,
21,breath,21.46,00.40,21.46,
21,breath,21.48,00.40,21.48,
21,breath,21.51,00.40,21.51,
21,breath,21.53,00.40,21.53,
21,breath,21.53,00.40,21.53,
21,breath,21.56,00.40,21.56,
21,breath,21.58,00.40,21.58,
21,breath,22.01,00.40,22.01,
21,breath,22.03,00.40,22.03,
21,breath,22.06,00.40,22.06,
22,pulse,22.17,00.04,22.17,
22,pulse,22.18,00.04,22.18,
22,pulse,22.19,00.04,22.19,
22,pulse,22.20,00.04,22.20,
22,pulse,22.22,00.04,22.22,
22,pulse,22.23,00.04,22.23,
22,pulse,22.25,00.04,22.25,
22,pulse,22.27,00.04,22.27,
22,pulse,22.28,00.04,22.28,
22,pulse,22.30,00.04,22.30,
22,breath,22.34,00.40,22.34,
22,breath,22.37,00.40,22.37,
22,breath,22.39,00.40,22.39,
22,breath,22.41,00.40,22.41,
22,breath,22.44,00.40,22.44,
22,breath,22.46,00.40,22.46,
22,breath,22.48,00.40,22.48,
22,breath,22.51,00.40,22.51,
22,breath,22.53,00.40,22.53,
22,breath,22.55,00.40,22.55,
23,pulse,23.10,00.04,23.10,
23,pulse,23.12,00.04,23.12,
23,pulse,23.13,00.04,23.13,
23,pulse,23.15,00.04,23.15,
23,pulse,23.17,00.04,23.17,
23,pulse,23.18,00.04,23.18,
23,pulse,23.21,00.04,23.21,
23,pulse,23.23,00.04,23.23,
23,pulse,23.25,00.04,23.25,
23,pulse,23.28,00.04,23.28,
23,breath,23.32,00.40,23.32,
23,breath,23.34,00.40,23.34,
23,breath,23.36,00.40,23.36,
23,breath,23.38,00.40,23.38,
23,breath,23.41,00.40,23.41,
23,breath,23.43,00.40,23.43,
23,breath,23.46,00.40,23.46,
23,breath,23.48,00.40,23.48,
23,breath,23.50,00.40,23.50,
23,breath,23.52,00.40,23.52,
24,pulse,24.08,00.04,24.08,
24,pulse,24.09,00.04,24.09,
24,pulse,24.11,00.04,24.11,
24,pulse,24.13,00.04,24.13,
24,pulse,24.15,00.04,24.15,
24,pulse,24.16,00.04,24.16,
24,pulse,24.18,00.04,24.18,
24,pulse,24.24,00.04,24.24,
24,breath,24.35,00.40,24.35,
24,breath,24.37,00.40,24.37,
24,breath,24.40,00.40,24.40,
24,breath,24.42,00.40,24.42,
24,breath,24.45,00.40,24.45,
24,breath,24.48,00.40,24.48,
24,breath,24.50,00.40,24.50,
24,breath,24.53,00.40,24.53,
24,breath,24.55,00.40,24.55,
24,breath,24.58,00.40,24.58,
25,pulse,25.06,00.04,25.06,
25,pulse,25.07,00.04,25.07,
25,pulse,25.09,00.04,25.09,
25,pulse,25.10,00.04,25.10,
25,pulse,25.12,00.04,25.12,
25,pulse,25.13,00.04,25.13,
25,pulse,25.15,00.04,25.15,
25,pulse,25.17,00.04,25.17,
25,pulse,25.19,00.04,25.19,
25,pulse,25.20,00.04,25.20,
25,breath,25.25,00.40,25.25,
25,breath,25.28,00.40,25.28,
25,breath,25.30,00.40,25.30,
25,breath,25.33,00.40,25.33,
25,breath,25.35,00.40,25.35,
25,breath,25.37,00.40,25.37,
25,breath,25.39,00.40,25.39,
25,breath,25.41,00.40,25.41,
25,breath,25.44,00.40,25.44,
25,breath,25.46,00.40,25.46,
26,pulse,25.56,00.04,25.56,
26,pulse,25.59,00.04,25.59,
26,pulse,26.01,00.04,26.01,
26,pulse,26.02,00.04,26.02,
26,pulse,26.04,00.04,26.04,
26,pulse,26.06,00.04,26.06,
26,pulse,26.07,00.04,26.07,
26,pulse,26.09,00.04,26.09,
26,pulse,26.10,00.04,26.10,
26,pulse,26.13,00.04,26.13,
26,breath,26.17,00.40,26.17,
26,breath,26.19,00.40,26.19,
26,breath,26.22,00.40,26.22,
26,breath,26.24,00.40,26.24,
26,breath,26.26,00.40,26.26,
26,breath,26.29,00.40,26.29,
26,breath,26.32,00.40,26.32,
26,breath,26.34,00.40,26.34,
26,breath,26.36,00.40,26.36,
26,breath,26.38,00.40,26.38,
27,pulse,26.52,00.04,26.52,
27,pulse,26.54,00.04,26.54,
27,pulse,26.55,00.04,26.55,
27,pulse,26.57,00.04,26.57,
27,pulse,26.59,00.04,26.59,
27,pulse,27.01,00.04,27.01,
27,pulse,27.03,00.04,27.03,
27,pulse,27.05,00.04,27.05,
27,pulse,27.08,00.04,27.08,
27,pulse,27.12,00.04,27.12,
27,breath,27.17,00.40,27.17,
27,breath,27.19,00.40,27.19,
27,breath,27.22,00.40,27.22,
27,breath,27.25,00.40,27.25,
27,breath,27.28,00.40,27.28,
27,breath,27.31,00.40,27.31,
27,breath,27.33,00.40,27.33,
27,breath,27.36,00.40,27.36,
27,breath,27.38,00.40,27.38,
27,breath,27.41,00.40,27.41,
28,pulse,27.52,00.04,27.52,
28,pulse,27.53,00.04,27.53,
28,pulse,27.55,00.04,27.55,
28,pulse,27.56,00.04,27.56,
28,pulse,27.58,00.04,27.58,
28,pulse,28.03,00.04,28.03,
28,pulse,28.04,00.04,28.04,
28,pulse,28.08,00.04,28.08,
28,breath,28.20,00.40,28.20,
28,breath,28.22,00.40,28.22,
28,breath,28.25,00.40,28.25,
28,breath,28.27,00.40,28.27,
28,breath,28.30,00.40,28.30,
28,breath,28.32,00.40,28.32,
28,breath,28.35,00.40,28.35,
28,breath,28.38,00.40,28.38,
28,breath,28.41,00.40,28.41,
28,breath,28.43,00.40,28.43,
29,pulse,28.55,00.04,28.55,
29,pulse,28.57,00.04,28.57,
29,pulse,28.59,00.04,28.59,
29,pulse,29.01,00.04,29.01,
29,pulse,29.02,00.04,29.02,
29,pulse,29.04,00.04,29.04,
29,pulse,29.06,00.04,29.06,
29,pulse,29.08,00.04,29.08,
29,pulse,29.11,00.04,29.11,
29,pulse,29.12,00.04,29.12,
29,breath,29.16,00.40,29.16,
29,breath,29.19,00.40,29.19,
29,breath,29.21,00.40,29.21,
29,breath,29.24,00.40,29.24,
29,breath,29.26,00.40,29.26,
29,breath,29.28,00.40,29.28,
29,breath,29.30,00.40,29.30,
29,breath,29.32,00.40,29.32,
29,breath,29.34,00.40,29.34,
29,breath,29.38,00.40,29.38,
30,pulse,29.52,00.04,29.52,
30,pulse,29.53,00.04,29.53,
30,pulse,29.54,00.04,29.54,
30,pulse,29.56,00.04,29.56,
30,pulse,29.57,00.04,29.57,
30,pulse,29.59,00.04,29.59,
30,pulse,30.00,00.04,30.00,
30,pulse,30.02,00.04,30.02,
30,pulse,30.03,00.04,30.03,
30,pulse,30.06,00.04,30.06,
30,breath,30.09,00.40,30.09,
30,breath,30.11,00.40,30.11,
30,breath,30.14,00.40,30.14,
30,breath,30.16,00.40,30.16,
30,breath,30.18,00.40,30.18,
30,breath,30.20,00.40,30.20,
30,breath,30.23,00.40,30.23,
30,breath,30.25,00.40,30.25,
30,breath,30.27,00.40,30.27,
30,breath,30.30,00.40,30.30,
31,pulse,30.44,00.04,30.44,
31,pulse,30.46,00.04,30.46,
31,pulse,30.47,00.04,30.47,
31,pulse,30.50,00.04,30.50,
31,pulse,30.51,00.04,30.51,
31,pulse,30.53,00.04,30.53,
31,pulse,30.56,00.04,30.56,
31,pulse,30.58,00.04,30.58,
31,pulse,31.00,00.04,31.00,
31,pulse,31.02,00.04,31.02,
31,breath,31.09,00.40,31.09,
31,breath,31.11,00.40,31.11,
31,breath,31.13,00.40,31.13,
31,breath,31.16,00.40,31.16,
31,breath,31.18,00.40,31.18,
31,breath,31.20,00.40,31.20,
31,breath,31.23,00.40,31.23,
31,breath,31.25,00.40,31.25,
31,breath,31.28,00.40,31.28,
31,breath,31.30,00.40,31.30,
32,pulse,31.43,00.04,31.43,
32,pulse,31.46,00.04,31.46,
32,pulse,31.48,00.04,31.48,
32,pulse,31.50,00.04,31.50,
32,pulse,31.51,00.04,31.51,
32,pulse,31.53,00.04,31.53,
32,pulse,31.55,00.04,31.55,
32,pulse,31.57,00.04,31.57,
32,pulse,31.59,00.04,31.59,
32,pulse,32.02,00.04,32.02,
32,breath,32.06,00.40,32.06,
32,breath,32.09,00.40,32.09,
32,breath,32.12,00.40,32.12,
32,breath,32.15,00.40,32.15,
32,breath,32.17,00.40,32.17,
32,breath,32.20,00.40,32.20,
32,breath,32.22,00.40,32.22,
32,breath,32.25,00.40,32.25,
32,breath,32.27,00.40,32.27,
32,breath,32.30,00.40,32.30,
33,pulse,32.53,00.04,32.53,
33,pulse,32.56,00.04,32.56,
33,pulse,32.58,00.04,32.58,
33,pulse,33.00,00.04,33.00,
33,pulse,33.02,00.04,33.02,
33,pulse,33.04,00.04,33.04,
33,pulse,33.06,00.04,33.06,
33,pulse,33.08,00.04,33.08,
33,pulse,33.10,00.04,33.10,
33,pulse,33.11,00.04,33.11,
33,breath,33.17,00.40,33.17,
33,breath,33.19,00.40,33.19,
33,breath,33.21,00.40,33.21,
33,breath,33.23,00.40,33.23,
33,breath,33.26,00.40,33.26,
33,breath,33.28,00.40,33.28,
33,breath,33.30,00.40,33.30,
33,breath,33.33,00.40,33.33,
33,breath,33.34,00.40,33.34,
33,breath,33.37,00.40,33.37,
34,pulse,33.48,00.04,33.48,
34,pulse,34.19,00.04,34.19,
34,pulse,34.21,00.04,34.21,
34,pulse,34.24,00.04,34.24,
34,pulse,34.26,00.04,34.26,
34,pulse,34.28,00.04,34.28,
34,pulse,34.30,00.04,34.30,
34,pulse,34.32,00.04,34.32,
34,pulse,34.33,00.04,34.33,
34,pulse,34.35,00.04,34.35,
34,pulse,34.38,00.04,34.38,
34,breath,34.42,00.40,34.42,
34,breath,34.44,00.40,34.44,
34,breath,34.46,00.40,34.46,
34,breath,34.48,00.40,34.48,
34,breath,34.51,00.40,34.51,
34,breath,34.53,00.40,34.53,
34,breath,34.56,00.40,34.56,
34,breath,34.58,00.40,34.58,
34,breath,35.00,00.40,35.00,
34,breath,35.02,00.40,35.02,
35,pulse,35.30,00.04,35.30,
35,pulse,35.33,00.04,35.33,
35,pulse,35.35,00.04,35.35,
35,pulse,35.36,00.04,35.36,
35,pulse,35.38,00.04,35.38,
35,pulse,35.40,00.04,35.40,
35,pulse,35.42,00.04,35.42,
35,pulse,35.45,00.04,35.45,
35,pulse,35.46,00.04,35.46,
35,breath,36.29,00.40,36.29,
35,breath,36.31,00.40,36.31,
35,breath,36.34,00.40,36.34,
35,breath,36.36,00.40,36.36,
35,breath,36.39,00.40,36.39,
35,breath,36.41,00.40,36.41,
35,breath,36.43,00.40,36.43,
35,breath,36.46,00.40,36.46,
35,breath,36.48,00.40,36.48,
35,breath,36.51,00.40,36.51,
36,pulse,37.06,00.04,37.06,
36,pulse,37.08,00.04,37.08,
36,pulse,37.11,00.04,37.11,
36,pulse,37.14,00.04,37.14,
36,pulse,37.16,00.04,37.16,
36,pulse,37.23,00.04,37.23,
36,pulse,37.25,00.04,37.25,
36,pulse,37.27,00.04,37.27,
36,pulse,37.29,00.04,37.29,
36,pulse,37.31,00.04,37.31,
36,breath,37.37,00.40,37.37,
36,breath,37.40,00.40,37.40,
36,breath,37.43,00.40,37.43,
36,breath,37.45,00.40,37.45,
36,breath,37.48,00.40,37.48,
36,breath,37.50,00.40,37.50,
36,breath,37.53,00.40,37.53,
36,breath,37.56,00.40,37.56,
36,breath,37.58,00.40,37.58,
36,breath,38.00,00.40,38.00,
37,pulse,38.19,00.04,38.19,
37,pulse,38.34,00.04,38.34,
37,pulse,38.36,00.04,38.36,
37,pulse,38.38,00.04,38.38,
37,pulse,38.40,00.04,38.40,
37,pulse,38.42,00.04,38.42,
37,pulse,38.43,00.04,38.43,
37,pulse,38.45,00.04,38.45,
37,pulse,38.46,00.04,38.46,
37,pulse,38.48,00.04,38.48,
37,pulse,38.50,00.04,38.50,
37,pulse,38.52,00.04,38.52,
37,breath,38.57,00.40,38.57,
37,breath,39.00,00.40,39.00,
37,breath,39.02,00.40,39.02,
37,breath,39.04,00.40,39.04,
37,breath,39.07,00.40,39.07,
37,breath,39.09,00.40,39.09,
37,breath,39.11,00.40,39.11,
37,breath,39.13,00.40,39.13,
37,breath,39.16,00.40,39.16,
37,breath,39.17,00.40,39.17,
38,pulse,39.34,00.04,39.34,
38,pulse,39.36,00.04,39.36,
38,pulse,39.38,00.04,39.38,
38,pulse,39.39,00.04,39.39,
38,pulse,39.41,00.04,39.41,
38,pulse,39.42,00.04,39.42,
38,pulse,39.44,00.04,39.44,
38,pulse,39.45,00.04,39.45,
38,pulse,39.47,00.04,39.47,
38,pulse,39.49,00.04,39.49,
38,breath,39.52,00.40,39.52,
38,breath,39.54,00.40,39.54,
38,breath,39.56,00.40,39.56,
38,breath,40.05,00.40,40.05,
38,breath,40.07,00.40,40.07,
38,breath,40.10,00.40,40.10,
38,breath,40.13,00.40,40.13,
38,breath,40.15,00.40,40.15,
38,breath,40.17,00.40,40.17,
38,breath,40.19,00.40,40.19,
38,breath,40.22,00.40,40.22,
38,breath,40.24,00.40,40.24,
38,breath,40.27,00.40,40.27,
39,pulse,40.36,00.04,40.36,
39,pulse,40.38,00.04,40.38,
39,pulse,40.40,00.04,40.40,
39,pulse,40.42,00.04,40.42,
39,pulse,40.44,00.04,40.44,
39,pulse,40.45,00.04,40.45,
39,pulse,40.47,00.04,40.47,
39,pulse,40.49,00.04,40.49,
39,pulse,40.51,00.04,40.51,
39,pulse,40.52,00.04,40.52,
39,breath,40.58,00.40,40.58,
39,breath,41.01,00.40,41.01,
39,breath,41.03,00.40,41.03,
39,breath,41.06,00.40,41.06,
39,breath,41.09,00.40,41.09,
39,breath,41.11,00.40,41.11,
39,breath,41.14,00.40,41.14,
39,breath,41.18,00.40,41.18,
39,breath,41.20,00.40,41.20,
39,breath,41.23,00.40,41.23,
40,pulse,41.34,00.04,41.34,
40,pulse,41.36,00.04,41.36,
40,pulse,41.38,00.04,41.38,
40,pulse,41.40,00.04,41.40,
40,pulse,41.50,00.04,41.50,
40,pulse,41.51,00.04,41.51,
40,pulse,41.52,00.04,41.52,
40,pulse,41.54,00.04,41.54,
40,pulse,41.56,00.04,41.56,
40,pulse,41.57,00.04,41.57,
40,breath,42.01,00.40,42.01,
40,breath,42.03,00.40,42.03,
40,breath,42.05,00.40,42.05,
40,breath,42.07,00.40,42.07,
40,breath,42.09,00.40,42.09,
40,breath,42.12,00.40,42.12,
40,breath,42.15,00.40,42.15,
40,breath,42.17,00.40,42.17,
40,breath,42.19,00.40,42.19,
40,breath,42.22,00.40,42.22,
41,pulse,42.32,00.04,42.32,
41,pulse,42.34,00.04,42.34,
41,pulse,42.36,00.04,42.36,
41,pulse,42.39,00.04,42.39,
41,pulse,42.42,00.04,42.42,
41,pulse,42.43,00.04,42.43,
41,pulse,42.45,00.04,42.45,
41,pulse,42.48,00.04,42.48,
41,pulse,42.50,00.04,42.50,
41,pulse,42.51,00.04,42.51,
41,breath,42.55,00.40,42.55,
41,breath,42.59,00.40,42.59,
41,breath,43.03,00.40,43.03,
41,breath,43.05,00.40,43.05,
41,breath,43.09,00.40,43.09,
41,breath,43.11,00.40,43.11,
41,breath,43.14,00.40,43.14,
41,breath,43.16,00.40,43.16,
