Mark,Type,Timestamp,Start,End
1,pulse,0.4,0.4,0.54
1,pulse,0.4,0.4,0.54
1,pulse,0.41,0.4,0.54
1,pulse,0.41,0.4,0.54
1,pulse,0.42,0.4,0.54
1,pulse,0.42,0.4,0.54
1,pulse,0.43,0.4,0.54
1,pulse,0.43,0.4,0.54
1,pulse,0.44,0.4,0.54
1,pulse,0.44,0.4,0.54
1,pulse,0.45,0.4,0.54
1,pulse,0.45,0.4,0.54
1,pulse,0.46,0.4,0.54
1,pulse,0.46,0.4,0.54
1,pulse,0.47,0.4,0.54
1,pulse,0.47,0.4,0.54
1,pulse,0.48,0.4,0.54
1,pulse,0.48,0.4,0.54
1,pulse,0.49,0.4,0.54
1,pulse,0.49,0.4,0.54
1,pulse,0.5,0.4,0.54
1,pulse,0.5,0.4,0.54
1,pulse,0.51,0.4,0.54
1,pulse,0.51,0.4,0.54
1,pulse,0.52,0.4,0.54
1,pulse,0.52,0.4,0.54
1,pulse,0.53,0.4,0.54
1,pulse,0.53,0.4,0.54
1,pulse,0.54,0.4,0.54
1,pulse,0.54,0.4,0.54
1,breath,0.56,0.56,1.13
1,breath,0.57,0.56,1.13
1,breath,0.59,0.56,1.13
1,breath,1.02,0.56,1.13
1,breath,1.05,0.56,1.13
1,breath,1.07,0.56,1.13
1,breath,1.09,0.56,1.13
1,breath,1.11,0.56,1.13
1,breath,1.13,0.56,1.13
2,pulse,0.22,0.22,0.41
2,pulse,0.22,0.22,0.41
2,pulse,0.23,0.22,0.41
2,pulse,0.23,0.22,0.41
2,pulse,0.24,0.22,0.41
2,pulse,0.24,0.22,0.41
2,pulse,0.25,0.22,0.41
2,pulse,0.25,0.22,0.41
2,pulse,0.26,0.22,0.41
2,pulse,0.26,0.22,0.41
2,pulse,0.27,0.22,0.41
2,pulse,0.27,0.22,0.41
2,pulse,0.28,0.22,0.41
2,pulse,0.28,0.22,0.41
2,pulse,0.29,0.22,0.41
2,pulse,0.29,0.22,0.41
2,pulse,0.3,0.22,0.41
2,pulse,0.3,0.22,0.41
2,pulse,0.31,0.22,0.41
2,pulse,0.31,0.22,0.41
2,pulse,0.32,0.22,0.41
2,pulse,0.32,0.22,0.41
2,pulse,0.33,0.22,0.41
2,pulse,0.33,0.22,0.41
2,pulse,0.34,0.22,0.41
2,pulse,0.34,0.22,0.41
2,pulse,0.35,0.22,0.41
2,pulse,0.35,0.22,0.41
2,pulse,0.36,0.22,0.41
2,pulse,0.36,0.22,0.41
2,breath,1.41,1.41,2.01
2,breath,1.43,1.41,2.01
2,breath,1.44,1.41,2.01
2,breath,1.46,1.41,2.01
2,breath,1.48,1.41,2.01
2,breath,1.5,1.41,2.01
2,breath,1.52,1.41,2.01
2,breath,1.54,1.41,2.01
2,breath,1.56,1.41,2.01
2,breath,1.58,1.41,2.01
2,breath,2.01,1.41,2.01
3,pulse,0.07,0.07,0.25
3,pulse,0.07,0.07,0.25
3,pulse,0.08,0.07,0.25
3,pulse,0.08,0.07,0.25
3,pulse,0.09,0.07,0.25
3,pulse,0.09,0.07,0.25
3,pulse,0.1,0.07,0.25
3,pulse,0.1,0.07,0.25
3,pulse,0.11,0.07,0.25
3,pulse,0.11,0.07,0.25
3,pulse,0.12,0.07,0.25
3,pulse,0.12,0.07,0.25
3,pulse,0.13,0.07,0.25
3,pulse,0.13,0.07,0.25
3,pulse,0.14,0.07,0.25
3,pulse,0.14,0.07,0.25
3,pulse,0.15,0.07,0.25
3,pulse,0.15,0.07,0.25
3,pulse,0.16,0.07,0.25
3,pulse,0.16,0.07,0.25
3,pulse,0.17,0.07,0.25
3,pulse,0.17,0.07,0.25
3,pulse,0.18,0.07,0.25
3,pulse,0.18,0.07,0.25
3,pulse,0.19,0.07,0.25
3,pulse,0.19,0.07,0.25
3,pulse,0.2,0.07,0.25
3,pulse,0.2,0.07,0.25
3,pulse,0.21,0.07,0.25
3,pulse,0.21,0.07,0.25
3,pulse,0.22,0.07,0.25
3,pulse,0.22,0.07,0.25
3,pulse,0.23,0.07,0.25
3,pulse,0.23,0.07,0.25
3,pulse,0.24,0.07,0.25
3,pulse,0.24,0.07,0.25
3,pulse,0.25,0.07,0.25
3,pulse,0.25,0.07,0.25
3,breath,2.3,2.3,2.5
3,breath,2.32,2.3,2.5
3,breath,2.33,2.3,2.5
3,breath,2.36,2.3,2.5
3,breath,2.37,2.3,2.5
3,breath,2.39,2.3,2.5
3,breath,2.41,2.3,2.5
3,breath,2.43,2.3,2.5
3,breath,2.45,2.3,2.5
3,breath,2.47,2.3,2.5
3,breath,2.5,2.3,2.5
4,pulse,2.55,2.55,3.07
4,pulse,2.55,2.55,3.07
4,pulse,2.56,2.55,3.07
4,pulse,2.56,2.55,3.07
4,pulse,2.57,2.55,3.07
4,pulse,2.57,2.55,3.07
4,pulse,2.58,2.55,3.07
4,pulse,2.58,2.55,3.07
4,pulse,2.59,2.55,3.07
4,pulse,2.59,2.55,3.07
4,pulse,3,2.55,3.07
4,pulse,3,2.55,3.07
4,pulse,3.01,2.55,3.07
4,pulse,3.01,2.55,3.07
4,pulse,3.02,2.55,3.07
4,pulse,3.02,2.55,3.07
4,pulse,3.03,2.55,3.07
4,pulse,3.03,2.55,3.07
4,pulse,3.04,2.55,3.07
4,pulse,3.04,2.55,3.07
4,pulse,3.05,2.55,3.07
4,pulse,3.05,2.55,3.07
4,pulse,3.06,2.55,3.07
4,pulse,3.06,2.55,3.07
4,pulse,3.07,2.55,3.07
4,pulse,3.07,2.55,3.07
4,breath,3.13,3.13,3.54
4,breath,3.15,3.13,3.54
4,breath,3.17,3.13,3.54
4,breath,3.2,3.13,3.54
4,breath,3.23,3.13,3.54
4,breath,3.26,3.13,3.54
4,breath,3.29,3.13,3.54
4,breath,3.32,3.13,3.54
4,breath,3.34,3.13,3.54
4,breath,3.37,3.13,3.54
4,breath,3.4,3.13,3.54
4,breath,3.46,3.13,3.54
4,breath,3.47,3.13,3.54
4,breath,3.5,3.13,3.54
4,breath,3.51,3.13,3.54
4,breath,3.52,3.13,3.54
4,breath,3.53,3.13,3.54
4,breath,3.54,3.13,3.54
5,pulse,3.55,3.55,4.01
5,pulse,3.55,3.55,4.01
5,pulse,3.56,3.55,4.01
5,pulse,3.56,3.55,4.01
5,pulse,3.57,3.55,4.01
5,pulse,3.57,3.55,4.01
5,pulse,3.58,3.55,4.01
5,pulse,3.58,3.55,4.01
5,pulse,3.59,3.55,4.01
5,pulse,3.59,3.55,4.01
5,pulse,4,3.55,4.01
5,pulse,4,3.55,4.01
5,pulse,4.01,3.55,4.01
5,pulse,4.01,3.55,4.01
5,breath,4.05,4.05,4.29
5,breath,4.07,4.05,4.29
5,breath,4.09,4.05,4.29
5,breath,4.11,4.05,4.29
5,breath,4.14,4.05,4.29
5,breath,4.17,4.05,4.29
5,breath,4.2,4.05,4.29
5,breath,4.22,4.05,4.29
5,breath,4.26,4.05,4.29
5,breath,4.29,4.05,4.29
6,pulse,4.4,4.4,5
6,pulse,4.4,4.4,5
6,pulse,4.41,4.4,5
6,pulse,4.41,4.4,5
6,pulse,4.42,4.4,5
6,pulse,4.42,4.4,5
6,pulse,4.43,4.4,5
6,pulse,4.43,4.4,5
6,pulse,4.44,4.4,5
6,pulse,4.44,4.4,5
6,pulse,4.45,4.4,5
6,pulse,4.45,4.4,5
6,pulse,4.46,4.4,5
6,pulse,4.46,4.4,5
6,pulse,4.47,4.4,5
6,pulse,4.47,4.4,5
6,pulse,4.48,4.4,5
6,pulse,4.48,4.4,5
6,pulse,4.49,4.4,5
6,pulse,4.49,4.4,5
6,pulse,4.5,4.4,5
6,pulse,4.5,4.4,5
6,pulse,4.51,4.4,5
6,pulse,4.51,4.4,5
6,pulse,4.52,4.4,5
6,pulse,4.52,4.4,5
6,pulse,4.53,4.4,5
6,pulse,4.53,4.4,5
6,breath,4.59,4.59,5.22
6,breath,5.02,4.59,5.22
6,breath,5.04,4.59,5.22
6,breath,5.07,4.59,5.22
6,breath,5.1,4.59,5.22
6,breath,5.13,4.59,5.22
6,breath,5.16,4.59,5.22
6,breath,5.19,4.59,5.22
6,breath,5.22,4.59,5.22
7,pulse,6.09,6.09,6.26
7,pulse,6.09,6.09,6.26
7,pulse,6.1,6.09,6.26
7,pulse,6.1,6.09,6.26
7,pulse,6.11,6.09,6.26
7,pulse,6.11,6.09,6.26
7,pulse,6.12,6.09,6.26
7,pulse,6.12,6.09,6.26
7,pulse,6.13,6.09,6.26
7,pulse,6.13,6.09,6.26
7,pulse,6.14,6.09,6.26
7,pulse,6.14,6.09,6.26
7,pulse,6.15,6.09,6.26
7,pulse,6.15,6.09,6.26
7,pulse,6.16,6.09,6.26
7,pulse,6.16,6.09,6.26
7,pulse,6.17,6.09,6.26
7,pulse,6.17,6.09,6.26
7,pulse,6.18,6.09,6.26
7,pulse,6.18,6.09,6.26
7,pulse,6.19,6.09,6.26
7,pulse,6.19,6.09,6.26
7,pulse,6.2,6.09,6.26
7,pulse,6.2,6.09,6.26
7,pulse,6.21,6.09,6.26
7,pulse,6.21,6.09,6.26
7,pulse,6.22,6.09,6.26
7,pulse,6.22,6.09,6.26
7,pulse,6.23,6.09,6.26
7,pulse,6.23,6.09,6.26
7,pulse,6.24,6.09,6.26
7,pulse,6.24,6.09,6.26
7,pulse,6.25,6.09,6.26
7,pulse,6.25,6.09,6.26
7,pulse,6.26,6.09,6.26
7,pulse,6.26,6.09,6.26
7,breath,6.3,6.3,6.55
7,breath,6.32,6.3,6.55
7,breath,6.35,6.3,6.55
7,breath,6.38,6.3,6.55
7,breath,6.41,6.3,6.55
7,breath,6.44,6.3,6.55
7,breath,6.47,6.3,6.55
7,breath,6.5,6.3,6.55
7,breath,6.53,6.3,6.55
7,breath,6.55,6.3,6.55
8,pulse,7,7,7.04
8,pulse,7,7,7.04
8,pulse,7.01,7,7.04
8,pulse,7.01,7,7.04
8,pulse,7.02,7,7.04
8,pulse,7.02,7,7.04
8,pulse,7.03,7,7.04
8,pulse,7.03,7,7.04
8,pulse,7.04,7,7.04
8,pulse,7.04,7,7.04
8,breath,7.17,7.17,7.43
8,breath,7.19,7.17,7.43
8,breath,7.22,7.17,7.43
8,breath,7.25,7.17,7.43
8,breath,7.27,7.17,7.43
8,breath,7.3,7.17,7.43
8,breath,7.33,7.17,7.43
8,breath,7.37,7.17,7.43
8,breath,7.39,7.17,7.43
8,breath,7.43,7.17,7.43
9,pulse,7.47,7.47,7.59
9,pulse,7.47,7.47,7.59
9,pulse,7.48,7.47,7.59
9,pulse,7.48,7.47,7.59
9,pulse,7.49,7.47,7.59
9,pulse,7.49,7.47,7.59
9,pulse,7.5,7.47,7.59
9,pulse,7.5,7.47,7.59
9,pulse,7.51,7.47,7.59
9,pulse,7.51,7.47,7.59
9,pulse,7.52,7.47,7.59
9,pulse,7.52,7.47,7.59
9,pulse,7.53,7.47,7.59
9,pulse,7.53,7.47,7.59
9,pulse,7.54,7.47,7.59
9,pulse,7.54,7.47,7.59
9,pulse,7.55,7.47,7.59
9,pulse,7.55,7.47,7.59
9,pulse,7.56,7.47,7.59
9,pulse,7.56,7.47,7.59
9,pulse,7.57,7.47,7.59
9,pulse,7.57,7.47,7.59
9,pulse,7.58,7.47,7.59
9,pulse,7.58,7.47,7.59
9,pulse,7.59,7.47,7.59
9,pulse,7.59,7.47,7.59
9,breath,8.05,8.05,8.33
9,breath,8.08,8.05,8.33
9,breath,8.12,8.05,8.33
9,breath,8.16,8.05,8.33
9,breath,8.19,8.05,8.33
9,breath,8.22,8.05,8.33
9,breath,8.26,8.05,8.33
9,breath,8.3,8.05,8.33
9,breath,8.33,8.05,8.33
10,pulse,8.44,8.44,9.01
10,pulse,8.44,8.44,9.01
10,pulse,8.45,8.44,9.01
10,pulse,8.45,8.44,9.01
10,pulse,8.46,8.44,9.01
10,pulse,8.46,8.44,9.01
10,pulse,8.47,8.44,9.01
10,pulse,8.47,8.44,9.01
10,pulse,8.48,8.44,9.01
10,pulse,8.48,8.44,9.01
10,pulse,8.49,8.44,9.01
10,pulse,8.49,8.44,9.01
10,pulse,8.5,8.44,9.01
10,pulse,8.5,8.44,9.01
10,pulse,8.51,8.44,9.01
10,pulse,8.51,8.44,9.01
10,pulse,8.52,8.44,9.01
10,pulse,8.52,8.44,9.01
10,pulse,8.53,8.44,9.01
10,pulse,8.53,8.44,9.01
10,pulse,8.54,8.44,9.01
10,pulse,8.54,8.44,9.01
10,pulse,8.55,8.44,9.01
10,pulse,8.55,8.44,9.01
10,pulse,8.56,8.44,9.01
10,pulse,8.56,8.44,9.01
10,pulse,8.57,8.44,9.01
10,pulse,8.57,8.44,9.01
10,pulse,8.58,8.44,9.01
10,pulse,8.58,8.44,9.01
10,pulse,8.59,8.44,9.01
10,pulse,8.59,8.44,9.01
10,pulse,9,8.44,9.01
10,pulse,9,8.44,9.01
10,pulse,9.01,8.44,9.01
10,pulse,9.01,8.44,9.01
10,breath,9.06,9.06,9.33
10,breath,9.09,9.06,9.33
10,breath,9.11,9.06,9.33
10,breath,9.14,9.06,9.33
10,breath,9.17,9.06,9.33
10,breath,9.2,9.06,9.33
10,breath,9.23,9.06,9.33
10,breath,9.26,9.06,9.33
10,breath,9.29,9.06,9.33
10,breath,9.33,9.06,9.33
11,pulse,9.4,9.4,9.57
11,pulse,9.4,9.4,9.57
11,pulse,9.41,9.4,9.57
11,pulse,9.41,9.4,9.57
11,pulse,9.42,9.4,9.57
11,pulse,9.42,9.4,9.57
11,pulse,9.43,9.4,9.57
11,pulse,9.43,9.4,9.57
11,pulse,9.44,9.4,9.57
11,pulse,9.44,9.4,9.57
11,pulse,9.45,9.4,9.57
11,pulse,9.45,9.4,9.57
11,pulse,9.46,9.4,9.57
11,pulse,9.46,9.4,9.57
11,pulse,9.47,9.4,9.57
11,pulse,9.47,9.4,9.57
11,pulse,9.48,9.4,9.57
11,pulse,9.48,9.4,9.57
11,pulse,9.49,9.4,9.57
11,pulse,9.49,9.4,9.57
11,pulse,9.5,9.4,9.57
11,pulse,9.5,9.4,9.57
11,pulse,9.51,9.4,9.57
11,pulse,9.51,9.4,9.57
11,pulse,9.52,9.4,9.57
11,pulse,9.52,9.4,9.57
11,pulse,9.53,9.4,9.57
11,pulse,9.53,9.4,9.57
11,pulse,9.54,9.4,9.57
11,pulse,9.54,9.4,9.57
11,pulse,9.55,9.4,9.57
11,pulse,9.55,9.4,9.57
11,pulse,9.56,9.4,9.57
11,pulse,9.56,9.4,9.57
11,pulse,9.57,9.4,9.57
11,pulse,9.57,9.4,9.57
11,breath,10.01,10.01,10.27
11,breath,10.03,10.01,10.27
11,breath,10.06,10.01,10.27
11,breath,10.09,10.01,10.27
11,breath,10.13,10.01,10.27
11,breath,10.16,10.01,10.27
11,breath,10.19,10.01,10.27
11,breath,10.22,10.01,10.27
11,breath,10.24,10.01,10.27
11,breath,10.27,10.01,10.27
12,pulse,10.35,10.35,10.51
12,pulse,10.35,10.35,10.51
12,pulse,10.37,10.35,10.51
12,pulse,10.37,10.35,10.51
12,pulse,10.38,10.35,10.51
12,pulse,10.38,10.35,10.51
12,pulse,10.39,10.35,10.51
12,pulse,10.39,10.35,10.51
12,pulse,10.4,10.35,10.51
12,pulse,10.4,10.35,10.51
12,pulse,10.41,10.35,10.51
12,pulse,10.41,10.35,10.51
12,pulse,10.42,10.35,10.51
12,pulse,10.42,10.35,10.51
12,pulse,10.43,10.35,10.51
12,pulse,10.43,10.35,10.51
12,pulse,10.44,10.35,10.51
12,pulse,10.44,10.35,10.51
12,pulse,10.45,10.35,10.51
12,pulse,10.45,10.35,10.51
12,pulse,10.46,10.35,10.51
12,pulse,10.46,10.35,10.51
12,pulse,10.47,10.35,10.51
12,pulse,10.47,10.35,10.51
12,pulse,10.48,10.35,10.51
12,pulse,10.48,10.35,10.51
12,pulse,10.49,10.35,10.51
12,pulse,10.49,10.35,10.51
12,pulse,10.5,10.35,10.51
12,pulse,10.5,10.35,10.51
12,pulse,10.51,10.35,10.51
12,pulse,10.51,10.35,10.51
12,breath,10.55,10.55,11.23
12,breath,10.58,10.55,11.23
12,breath,11.01,10.55,11.23
12,breath,11.05,10.55,11.23
12,breath,11.08,10.55,11.23
12,breath,11.11,10.55,11.23
12,breath,11.14,10.55,11.23
12,breath,11.17,10.55,11.23
12,breath,11.2,10.55,11.23
12,breath,11.23,10.55,11.23
13,pulse,11.28,11.28,11.44
13,pulse,11.28,11.28,11.44
13,pulse,11.29,11.28,11.44
13,pulse,11.29,11.28,11.44
13,pulse,11.3,11.28,11.44
13,pulse,11.3,11.28,11.44
13,pulse,11.31,11.28,11.44
13,pulse,11.31,11.28,11.44
13,pulse,11.32,11.28,11.44
13,pulse,11.32,11.28,11.44
13,pulse,11.33,11.28,11.44
13,pulse,11.33,11.28,11.44
13,pulse,11.34,11.28,11.44
13,pulse,11.34,11.28,11.44
13,pulse,11.35,11.28,11.44
13,pulse,11.35,11.28,11.44
13,pulse,11.36,11.28,11.44
13,pulse,11.36,11.28,11.44
13,pulse,11.37,11.28,11.44
13,pulse,11.37,11.28,11.44
13,pulse,11.38,11.28,11.44
13,pulse,11.38,11.28,11.44
13,pulse,11.39,11.28,11.44
13,pulse,11.39,11.28,11.44
13,pulse,11.4,11.28,11.44
13,pulse,11.4,11.28,11.44
13,pulse,11.41,11.28,11.44
13,pulse,11.41,11.28,11.44
13,pulse,11.42,11.28,11.44
13,pulse,11.42,11.28,11.44
13,pulse,11.43,11.28,11.44
13,pulse,11.43,11.28,11.44
13,pulse,11.44,11.28,11.44
13,pulse,11.44,11.28,11.44
13,breath,11.5,11.5,12.15
13,breath,11.53,11.5,12.15
13,breath,11.55,11.5,12.15
13,breath,11.57,11.5,12.15
13,breath,11.59,11.5,12.15
13,breath,12.02,11.5,12.15
13,breath,12.05,11.5,12.15
13,breath,12.08,11.5,12.15
13,breath,12.12,11.5,12.15
13,breath,12.15,11.5,12.15
14,pulse,12.19,12.19,12.39
14,pulse,12.19,12.19,12.39
14,pulse,12.2,12.19,12.39
14,pulse,12.2,12.19,12.39
14,pulse,12.21,12.19,12.39
14,pulse,12.21,12.19,12.39
14,pulse,12.22,12.19,12.39
14,pulse,12.22,12.19,12.39
14,pulse,12.23,12.19,12.39
14,pulse,12.23,12.19,12.39
14,pulse,12.24,12.19,12.39
14,pulse,12.24,12.19,12.39
14,pulse,12.25,12.19,12.39
14,pulse,12.25,12.19,12.39
14,pulse,12.26,12.19,12.39
14,pulse,12.26,12.19,12.39
14,pulse,12.27,12.19,12.39
14,pulse,12.27,12.19,12.39
14,pulse,12.28,12.19,12.39
14,pulse,12.28,12.19,12.39
14,pulse,12.29,12.19,12.39
14,pulse,12.29,12.19,12.39
14,pulse,12.3,12.19,12.39
14,pulse,12.3,12.19,12.39
14,pulse,12.31,12.19,12.39
14,pulse,12.31,12.19,12.39
14,pulse,12.32,12.19,12.39
14,pulse,12.32,12.19,12.39
14,pulse,12.33,12.19,12.39
14,pulse,12.33,12.19,12.39
14,pulse,12.34,12.19,12.39
14,pulse,12.34,12.19,12.39
14,pulse,12.35,12.19,12.39
14,pulse,12.35,12.19,12.39
14,pulse,12.36,12.19,12.39
14,pulse,12.36,12.19,12.39
14,pulse,12.37,12.19,12.39
14,pulse,12.37,12.19,12.39
14,pulse,12.38,12.19,12.39
14,pulse,12.38,12.19,12.39
14,pulse,12.39,12.19,12.39
14,pulse,12.39,12.19,12.39
14,breath,12.44,12.44,13.09
14,breath,12.47,12.44,13.09
14,breath,12.5,12.44,13.09
14,breath,12.54,12.44,13.09
14,breath,12.57,12.44,13.09
14,breath,13,12.44,13.09
14,breath,13.03,12.44,13.09
14,breath,13.06,12.44,13.09
14,breath,13.09,12.44,13.09
15,pulse,13.13,13.13,13.31
15,pulse,13.13,13.13,13.31
15,pulse,13.14,13.13,13.31
15,pulse,13.14,13.13,13.31
15,pulse,13.15,13.13,13.31
15,pulse,13.15,13.13,13.31
15,pulse,13.16,13.13,13.31
15,pulse,13.16,13.13,13.31
15,pulse,13.17,13.13,13.31
15,pulse,13.17,13.13,13.31
15,pulse,13.18,13.13,13.31
15,pulse,13.18,13.13,13.31
15,pulse,13.19,13.13,13.31
15,pulse,13.19,13.13,13.31
15,pulse,13.2,13.13,13.31
15,pulse,13.2,13.13,13.31
15,pulse,13.21,13.13,13.31
15,pulse,13.21,13.13,13.31
15,pulse,13.22,13.13,13.31
15,pulse,13.22,13.13,13.31
15,pulse,13.23,13.13,13.31
15,pulse,13.23,13.13,13.31
15,pulse,13.24,13.13,13.31
15,pulse,13.24,13.13,13.31
15,pulse,13.25,13.13,13.31
15,pulse,13.25,13.13,13.31
15,pulse,13.26,13.13,13.31
15,pulse,13.26,13.13,13.31
15,pulse,13.27,13.13,13.31
15,pulse,13.27,13.13,13.31
15,pulse,13.28,13.13,13.31
15,pulse,13.28,13.13,13.31
15,pulse,13.29,13.13,13.31
15,pulse,13.29,13.13,13.31
15,pulse,13.3,13.13,13.31
15,pulse,13.3,13.13,13.31
15,pulse,13.31,13.13,13.31
15,pulse,13.31,13.13,13.31
15,breath,13.34,13.34,14
15,breath,13.37,13.34,14
15,breath,13.4,13.34,14
15,breath,13.42,13.34,14
15,breath,13.45,13.34,14
15,breath,13.48,13.34,14
15,breath,13.52,13.34,14
15,breath,13.55,13.34,14
15,breath,13.58,13.34,14
15,breath,14,13.34,14
16,pulse,14.23,14.23,14.37
16,pulse,14.23,14.23,14.37
16,pulse,14.24,14.23,14.37
16,pulse,14.24,14.23,14.37
16,pulse,14.25,14.23,14.37
16,pulse,14.25,14.23,14.37
16,pulse,14.26,14.23,14.37
16,pulse,14.26,14.23,14.37
16,pulse,14.27,14.23,14.37
16,pulse,14.27,14.23,14.37
16,pulse,14.28,14.23,14.37
16,pulse,14.28,14.23,14.37
16,pulse,14.29,14.23,14.37
16,pulse,14.29,14.23,14.37
16,pulse,14.3,14.23,14.37
16,pulse,14.3,14.23,14.37
16,pulse,14.31,14.23,14.37
16,pulse,14.31,14.23,14.37
16,pulse,14.32,14.23,14.37
16,pulse,14.32,14.23,14.37
16,pulse,14.33,14.23,14.37
16,pulse,14.33,14.23,14.37
16,pulse,14.34,14.23,14.37
16,pulse,14.34,14.23,14.37
16,pulse,14.35,14.23,14.37
16,pulse,14.35,14.23,14.37
16,pulse,14.36,14.23,14.37
16,pulse,14.36,14.23,14.37
16,pulse,14.37,14.23,14.37
16,pulse,14.37,14.23,14.37
16,breath,14.4,14.4,15.06
16,breath,14.43,14.4,15.06
16,breath,14.46,14.4,15.06
16,breath,14.49,14.4,15.06
16,breath,14.52,14.4,15.06
16,breath,14.55,14.4,15.06
16,breath,14.55,14.4,15.06
16,breath,14.59,14.4,15.06
16,breath,15.02,14.4,15.06
16,breath,15.06,14.4,15.06
17,breath,15.44,15.44,16.15
17,breath,15.46,15.44,16.15
17,breath,15.48,15.44,16.15
17,breath,15.5,15.44,16.15
17,breath,15.52,15.44,16.15
17,breath,15.54,15.44,16.15
17,breath,15.59,15.44,16.15
17,breath,16.02,15.44,16.15
17,breath,16.05,15.44,16.15
17,breath,16.09,15.44,16.15
17,breath,16.11,15.44,16.15
17,breath,16.15,15.44,16.15
17,pulse,27.19,27.19,27.41
17,pulse,27.19,27.19,27.41
17,pulse,27.2,27.19,27.41
17,pulse,27.2,27.19,27.41
17,pulse,27.21,27.19,27.41
17,pulse,27.21,27.19,27.41
17,pulse,27.22,27.19,27.41
17,pulse,27.22,27.19,27.41
17,pulse,27.23,27.19,27.41
17,pulse,27.23,27.19,27.41
17,pulse,27.24,27.19,27.41
17,pulse,27.24,27.19,27.41
17,pulse,27.25,27.19,27.41
17,pulse,27.25,27.19,27.41
17,pulse,27.26,27.19,27.41
17,pulse,27.26,27.19,27.41
17,pulse,27.27,27.19,27.41
17,pulse,27.27,27.19,27.41
17,pulse,27.28,27.19,27.41
17,pulse,27.28,27.19,27.41
17,pulse,27.29,27.19,27.41
17,pulse,27.29,27.19,27.41
17,pulse,27.3,27.19,27.41
17,pulse,27.3,27.19,27.41
17,pulse,27.31,27.19,27.41
17,pulse,27.31,27.19,27.41
17,pulse,27.32,27.19,27.41
17,pulse,27.32,27.19,27.41
17,pulse,27.33,27.19,27.41
17,pulse,27.33,27.19,27.41
17,pulse,27.34,27.19,27.41
17,pulse,27.34,27.19,27.41
17,pulse,27.35,27.19,27.41
17,pulse,27.35,27.19,27.41
17,pulse,27.36,27.19,27.41
17,pulse,27.36,27.19,27.41
17,pulse,27.37,27.19,27.41
17,pulse,27.37,27.19,27.41
17,pulse,27.38,27.19,27.41
17,pulse,27.38,27.19,27.41
17,pulse,27.39,27.19,27.41
17,pulse,27.39,27.19,27.41
17,pulse,27.4,27.19,27.41
17,pulse,27.4,27.19,27.41
17,pulse,27.41,27.19,27.41
17,pulse,27.41,27.19,27.41
18,pulse,16.22,16.22,16.47
18,pulse,16.22,16.22,16.47
18,pulse,16.23,16.22,16.47
18,pulse,16.23,16.22,16.47
18,pulse,16.24,16.22,16.47
18,pulse,16.24,16.22,16.47
18,pulse,16.25,16.22,16.47
18,pulse,16.25,16.22,16.47
18,pulse,16.26,16.22,16.47
18,pulse,16.26,16.22,16.47
18,pulse,16.27,16.22,16.47
18,pulse,16.27,16.22,16.47
18,pulse,16.28,16.22,16.47
18,pulse,16.28,16.22,16.47
18,pulse,16.29,16.22,16.47
18,pulse,16.29,16.22,16.47
18,pulse,16.3,16.22,16.47
18,pulse,16.3,16.22,16.47
18,pulse,16.31,16.22,16.47
18,pulse,16.31,16.22,16.47
18,pulse,16.32,16.22,16.47
18,pulse,16.32,16.22,16.47
18,pulse,16.33,16.22,16.47
18,pulse,16.33,16.22,16.47
18,pulse,16.34,16.22,16.47
18,pulse,16.34,16.22,16.47
18,pulse,16.35,16.22,16.47
18,pulse,16.35,16.22,16.47
18,pulse,16.36,16.22,16.47
18,pulse,16.36,16.22,16.47
18,pulse,16.37,16.22,16.47
18,pulse,16.37,16.22,16.47
18,pulse,16.38,16.22,16.47
18,pulse,16.38,16.22,16.47
18,pulse,16.39,16.22,16.47
18,pulse,16.39,16.22,16.47
18,pulse,16.4,16.22,16.47
18,pulse,16.4,16.22,16.47
18,pulse,16.41,16.22,16.47
18,pulse,16.41,16.22,16.47
18,pulse,16.42,16.22,16.47
18,pulse,16.42,16.22,16.47
18,pulse,16.43,16.22,16.47
18,pulse,16.43,16.22,16.47
18,pulse,16.44,16.22,16.47
18,pulse,16.44,16.22,16.47
18,pulse,16.45,16.22,16.47
18,pulse,16.45,16.22,16.47
18,pulse,16.46,16.22,16.47
18,pulse,16.46,16.22,16.47
18,breath,16.46,16.46,17.11
18,pulse,16.47,16.22,16.47
18,pulse,16.47,16.22,16.47
18,breath,16.47,16.46,17.11
18,breath,16.49,16.46,17.11
18,breath,16.52,16.46,17.11
18,breath,16.55,16.46,17.11
18,breath,16.58,16.46,17.11
18,breath,17.01,16.46,17.11
18,breath,17.04,16.46,17.11
18,breath,17.07,16.46,17.11
18,breath,17.09,16.46,17.11
18,breath,17.11,16.46,17.11
19,pulse,17.38,17.38,18.01
19,pulse,17.38,17.38,18.01
19,pulse,17.39,17.38,18.01
19,pulse,17.39,17.38,18.01
19,pulse,17.4,17.38,18.01
19,pulse,17.4,17.38,18.01
19,pulse,17.41,17.38,18.01
19,pulse,17.41,17.38,18.01
19,pulse,17.42,17.38,18.01
19,pulse,17.42,17.38,18.01
19,pulse,17.43,17.38,18.01
19,pulse,17.43,17.38,18.01
19,pulse,17.44,17.38,18.01
19,pulse,17.44,17.38,18.01
19,pulse,17.45,17.38,18.01
19,pulse,17.45,17.38,18.01
19,pulse,17.46,17.38,18.01
19,pulse,17.46,17.38,18.01
19,pulse,17.47,17.38,18.01
19,pulse,17.47,17.38,18.01
19,pulse,17.48,17.38,18.01
19,pulse,17.48,17.38,18.01
19,pulse,17.49,17.38,18.01
19,pulse,17.49,17.38,18.01
19,pulse,17.5,17.38,18.01
19,pulse,17.5,17.38,18.01
19,pulse,17.51,17.38,18.01
19,pulse,17.51,17.38,18.01
19,pulse,17.52,17.38,18.01
19,pulse,17.52,17.38,18.01
19,pulse,17.53,17.38,18.01
19,pulse,17.53,17.38,18.01
19,pulse,17.54,17.38,18.01
19,pulse,17.54,17.38,18.01
19,pulse,17.55,17.38,18.01
19,pulse,17.55,17.38,18.01
19,pulse,17.56,17.38,18.01
19,pulse,17.56,17.38,18.01
19,pulse,17.57,17.38,18.01
19,pulse,17.57,17.38,18.01
19,pulse,17.58,17.38,18.01
19,pulse,17.58,17.38,18.01
19,pulse,17.59,17.38,18.01
19,pulse,17.59,17.38,18.01
19,pulse,18,17.38,18.01
19,pulse,18,17.38,18.01
19,pulse,18.01,17.38,18.01
19,pulse,18.01,17.38,18.01
19,breath,18.05,18.05,18.3
19,breath,18.08,18.05,18.3
19,breath,18.11,18.05,18.3
19,breath,18.13,18.05,18.3
19,breath,18.16,18.05,18.3
19,breath,18.19,18.05,18.3
19,breath,18.21,18.05,18.3
19,breath,18.23,18.05,18.3
19,breath,18.24,18.05,18.3
19,breath,18.26,18.05,18.3
19,breath,18.28,18.05,18.3
19,breath,18.3,18.05,18.3
20,pulse,18.4,18.4,19.05
20,pulse,18.4,18.4,19.05
20,pulse,18.41,18.4,19.05
20,pulse,18.41,18.4,19.05
20,pulse,18.42,18.4,19.05
20,pulse,18.42,18.4,19.05
20,pulse,18.43,18.4,19.05
20,pulse,18.43,18.4,19.05
20,pulse,18.44,18.4,19.05
20,pulse,18.44,18.4,19.05
20,pulse,18.45,18.4,19.05
20,pulse,18.45,18.4,19.05
20,pulse,18.46,18.4,19.05
20,pulse,18.46,18.4,19.05
20,pulse,18.47,18.4,19.05
20,pulse,18.47,18.4,19.05
20,pulse,18.48,18.4,19.05
20,pulse,18.48,18.4,19.05
20,pulse,18.49,18.4,19.05
20,pulse,18.49,18.4,19.05
20,pulse,18.5,18.4,19.05
20,pulse,18.5,18.4,19.05
20,pulse,18.51,18.4,19.05
20,pulse,18.51,18.4,19.05
20,pulse,18.52,18.4,19.05
20,pulse,18.52,18.4,19.05
20,pulse,18.53,18.4,19.05
20,pulse,18.53,18.4,19.05
20,pulse,18.54,18.4,19.05
20,pulse,18.54,18.4,19.05
20,pulse,18.55,18.4,19.05
20,pulse,18.55,18.4,19.05
20,pulse,18.56,18.4,19.05
20,pulse,18.56,18.4,19.05
20,pulse,18.57,18.4,19.05
20,pulse,18.57,18.4,19.05
20,pulse,18.58,18.4,19.05
20,pulse,18.58,18.4,19.05
20,pulse,18.59,18.4,19.05
20,pulse,18.59,18.4,19.05
20,pulse,19,18.4,19.05
20,pulse,19,18.4,19.05
20,pulse,19.01,18.4,19.05
20,pulse,19.01,18.4,19.05
20,pulse,19.02,18.4,19.05
20,pulse,19.02,18.4,19.05
20,pulse,19.03,18.4,19.05
20,pulse,19.03,18.4,19.05
20,pulse,19.04,18.4,19.05
20,pulse,19.04,18.4,19.05
20,pulse,19.05,18.4,19.05
20,pulse,19.05,18.4,19.05
20,breath,19.07,19.07,19.33
20,breath,19.1,19.07,19.33
20,breath,19.13,19.07,19.33
20,breath,19.16,19.07,19.33
20,breath,19.19,19.07,19.33
20,breath,19.21,19.07,19.33
20,breath,19.23,19.07,19.33
20,breath,19.26,19.07,19.33
20,breath,19.28,19.07,19.33
20,breath,19.31,19.07,19.33
20,breath,19.33,19.07,19.33
21,pulse,19.41,19.41,20
21,pulse,19.41,19.41,20
21,pulse,19.43,19.41,20
21,pulse,19.43,19.41,20
21,pulse,19.44,19.41,20
21,pulse,19.44,19.41,20
21,pulse,19.45,19.41,20
21,pulse,19.45,19.41,20
21,pulse,19.46,19.41,20
21,pulse,19.46,19.41,20
21,pulse,19.47,19.41,20
21,pulse,19.47,19.41,20
21,pulse,19.48,19.41,20
21,pulse,19.48,19.41,20
21,pulse,19.49,19.41,20
21,pulse,19.49,19.41,20
21,pulse,19.5,19.41,20
21,pulse,19.5,19.41,20
21,pulse,19.51,19.41,20
21,pulse,19.51,19.41,20
21,pulse,19.52,19.41,20
21,pulse,19.52,19.41,20
21,pulse,19.53,19.41,20
21,pulse,19.53,19.41,20
21,pulse,19.54,19.41,20
21,pulse,19.54,19.41,20
21,pulse,19.55,19.41,20
21,pulse,19.55,19.41,20
21,pulse,19.56,19.41,20
21,pulse,19.56,19.41,20
21,pulse,19.57,19.41,20
21,pulse,19.57,19.41,20
21,pulse,19.58,19.41,20
21,pulse,19.58,19.41,20
21,breath,20.03,20.03,20.27
21,breath,20.06,20.03,20.27
21,breath,20.09,20.03,20.27
21,breath,20.12,20.03,20.27
21,breath,20.15,20.03,20.27
21,breath,20.18,20.03,20.27
21,breath,20.2,20.03,20.27
21,breath,20.23,20.03,20.27
21,breath,20.25,20.03,20.27
21,breath,20.27,20.03,20.27
22,pulse,20.3,20.3,20.54
22,pulse,20.3,20.3,20.54
22,pulse,20.31,20.3,20.54
22,pulse,20.31,20.3,20.54
22,pulse,20.32,20.3,20.54
22,pulse,20.32,20.3,20.54
22,pulse,20.33,20.3,20.54
22,pulse,20.33,20.3,20.54
22,pulse,20.34,20.3,20.54
22,pulse,20.34,20.3,20.54
22,pulse,20.35,20.3,20.54
22,pulse,20.35,20.3,20.54
22,pulse,20.36,20.3,20.54
22,pulse,20.36,20.3,20.54
22,pulse,20.37,20.3,20.54
22,pulse,20.37,20.3,20.54
22,pulse,20.38,20.3,20.54
22,pulse,20.38,20.3,20.54
22,pulse,20.39,20.3,20.54
22,pulse,20.39,20.3,20.54
22,pulse,20.41,20.3,20.54
22,pulse,20.41,20.3,20.54
22,pulse,20.42,20.3,20.54
22,pulse,20.42,20.3,20.54
22,pulse,20.43,20.3,20.54
22,pulse,20.43,20.3,20.54
22,pulse,20.44,20.3,20.54
22,pulse,20.44,20.3,20.54
22,pulse,20.45,20.3,20.54
22,pulse,20.45,20.3,20.54
22,pulse,20.46,20.3,20.54
22,pulse,20.46,20.3,20.54
22,pulse,20.47,20.3,20.54
22,pulse,20.47,20.3,20.54
22,pulse,20.48,20.3,20.54
22,pulse,20.48,20.3,20.54
22,pulse,20.49,20.3,20.54
22,pulse,20.49,20.3,20.54
22,pulse,20.5,20.3,20.54
22,pulse,20.5,20.3,20.54
22,pulse,20.51,20.3,20.54
22,pulse,20.51,20.3,20.54
22,pulse,20.52,20.3,20.54
22,pulse,20.52,20.3,20.54
22,pulse,20.53,20.3,20.54
22,pulse,20.53,20.3,20.54
22,pulse,20.54,20.3,20.54
22,pulse,20.54,20.3,20.54
22,breath,20.59,20.59,21.25
22,breath,21.02,20.59,21.25
22,breath,21.04,20.59,21.25
22,breath,21.07,20.59,21.25
22,breath,21.1,20.59,21.25
22,breath,21.12,20.59,21.25
22,breath,21.15,20.59,21.25
22,breath,21.17,20.59,21.25
22,breath,21.2,20.59,21.25
22,breath,21.22,20.59,21.25
22,breath,21.25,20.59,21.25
23,pulse,21.3,21.3,21.55
23,pulse,21.3,21.3,21.55
23,pulse,21.31,21.3,21.55
23,pulse,21.31,21.3,21.55
23,pulse,21.32,21.3,21.55
23,pulse,21.32,21.3,21.55
23,pulse,21.33,21.3,21.55
23,pulse,21.33,21.3,21.55
23,pulse,21.34,21.3,21.55
23,pulse,21.34,21.3,21.55
23,pulse,21.35,21.3,21.55
23,pulse,21.35,21.3,21.55
23,pulse,21.36,21.3,21.55
23,pulse,21.36,21.3,21.55
23,pulse,21.37,21.3,21.55
23,pulse,21.37,21.3,21.55
23,pulse,21.38,21.3,21.55
23,pulse,21.38,21.3,21.55
23,pulse,21.39,21.3,21.55
23,pulse,21.39,21.3,21.55
23,pulse,21.4,21.3,21.55
23,pulse,21.4,21.3,21.55
23,pulse,21.41,21.3,21.55
23,pulse,21.41,21.3,21.55
23,pulse,21.42,21.3,21.55
23,pulse,21.42,21.3,21.55
23,pulse,21.43,21.3,21.55
23,pulse,21.43,21.3,21.55
23,pulse,21.44,21.3,21.55
23,pulse,21.44,21.3,21.55
23,pulse,21.45,21.3,21.55
23,pulse,21.45,21.3,21.55
23,pulse,21.46,21.3,21.55
23,pulse,21.46,21.3,21.55
23,pulse,21.47,21.3,21.55
23,pulse,21.47,21.3,21.55
23,pulse,21.48,21.3,21.55
23,pulse,21.48,21.3,21.55
23,pulse,21.49,21.3,21.55
23,pulse,21.49,21.3,21.55
23,pulse,21.5,21.3,21.55
23,pulse,21.5,21.3,21.55
23,pulse,21.51,21.3,21.55
23,pulse,21.51,21.3,21.55
23,pulse,21.52,21.3,21.55
23,pulse,21.52,21.3,21.55
23,pulse,21.53,21.3,21.55
23,pulse,21.53,21.3,21.55
23,pulse,21.54,21.3,21.55
23,pulse,21.54,21.3,21.55
23,pulse,21.55,21.3,21.55
23,pulse,21.55,21.3,21.55
23,breath,21.57,21.57,22.24
23,breath,22.01,21.57,22.24
23,breath,22.03,21.57,22.24
23,breath,22.05,21.57,22.24
23,breath,22.06,21.57,22.24
23,breath,22.09,21.57,22.24
23,breath,22.11,21.57,22.24
23,breath,22.12,21.57,22.24
23,breath,22.14,21.57,22.24
23,breath,22.18,21.57,22.24
23,breath,22.21,21.57,22.24
23,breath,22.24,21.57,22.24
24,pulse,22.3,22.3,22.54
24,pulse,22.3,22.3,22.54
24,pulse,22.31,22.3,22.54
24,pulse,22.31,22.3,22.54
24,pulse,22.32,22.3,22.54
24,pulse,22.32,22.3,22.54
24,pulse,22.33,22.3,22.54
24,pulse,22.33,22.3,22.54
24,pulse,22.34,22.3,22.54
24,pulse,22.34,22.3,22.54
24,pulse,22.35,22.3,22.54
24,pulse,22.35,22.3,22.54
24,pulse,22.36,22.3,22.54
24,pulse,22.36,22.3,22.54
24,pulse,22.37,22.3,22.54
24,pulse,22.37,22.3,22.54
24,pulse,22.38,22.3,22.54
24,pulse,22.38,22.3,22.54
24,pulse,22.39,22.3,22.54
24,pulse,22.39,22.3,22.54
24,pulse,22.4,22.3,22.54
24,pulse,22.4,22.3,22.54
24,pulse,22.42,22.3,22.54
24,pulse,22.42,22.3,22.54
24,pulse,22.43,22.3,22.54
24,pulse,22.43,22.3,22.54
24,pulse,22.44,22.3,22.54
24,pulse,22.44,22.3,22.54
24,pulse,22.45,22.3,22.54
24,pulse,22.45,22.3,22.54
24,pulse,22.46,22.3,22.54
24,pulse,22.46,22.3,22.54
24,pulse,22.47,22.3,22.54
24,pulse,22.47,22.3,22.54
24,pulse,22.48,22.3,22.54
24,pulse,22.48,22.3,22.54
24,pulse,22.49,22.3,22.54
24,pulse,22.49,22.3,22.54
24,pulse,22.5,22.3,22.54
24,pulse,22.5,22.3,22.54
24,pulse,22.51,22.3,22.54
24,pulse,22.51,22.3,22.54
24,pulse,22.52,22.3,22.54
24,pulse,22.52,22.3,22.54
24,pulse,22.53,22.3,22.54
24,pulse,22.53,22.3,22.54
24,pulse,22.54,22.3,22.54
24,pulse,22.54,22.3,22.54
24,breath,22.59,22.59,23.25
24,breath,23.02,22.59,23.25
24,breath,23.05,22.59,23.25
24,breath,23.07,22.59,23.25
24,breath,23.11,22.59,23.25
24,breath,23.14,22.59,23.25
24,breath,23.17,22.59,23.25
24,breath,23.2,22.59,23.25
24,breath,23.22,22.59,23.25
24,breath,23.25,22.59,23.25
25,pulse,23.36,23.36,24
25,pulse,23.36,23.36,24
25,pulse,23.37,23.36,24
25,pulse,23.37,23.36,24
25,pulse,23.38,23.36,24
25,pulse,23.38,23.36,24
25,pulse,23.39,23.36,24
25,pulse,23.39,23.36,24
25,pulse,23.4,23.36,24
25,pulse,23.4,23.36,24
25,pulse,23.41,23.36,24
25,pulse,23.41,23.36,24
25,pulse,23.42,23.36,24
25,pulse,23.42,23.36,24
25,pulse,23.43,23.36,24
25,pulse,23.43,23.36,24
25,pulse,23.44,23.36,24
25,pulse,23.44,23.36,24
25,pulse,23.45,23.36,24
25,pulse,23.45,23.36,24
25,pulse,23.46,23.36,24
25,pulse,23.46,23.36,24
25,pulse,23.47,23.36,24
25,pulse,23.47,23.36,24
25,pulse,23.48,23.36,24
25,pulse,23.48,23.36,24
25,pulse,23.49,23.36,24
25,pulse,23.49,23.36,24
25,pulse,23.5,23.36,24
25,pulse,23.5,23.36,24
25,pulse,23.51,23.36,24
25,pulse,23.51,23.36,24
25,pulse,23.52,23.36,24
25,pulse,23.52,23.36,24
25,pulse,23.53,23.36,24
25,pulse,23.53,23.36,24
25,breath,23.58,23.58,24.27
25,breath,24.01,23.58,24.27
25,breath,24.05,23.58,24.27
25,breath,24.08,23.58,24.27
25,breath,24.1,23.58,24.27
25,breath,24.14,23.58,24.27
25,breath,24.17,23.58,24.27
25,breath,24.2,23.58,24.27
25,breath,24.23,23.58,24.27
25,breath,24.27,23.58,24.27
26,pulse,25.11,25.11,25.3
26,pulse,25.11,25.11,25.3
26,pulse,25.12,25.11,25.3
26,pulse,25.12,25.11,25.3
26,pulse,25.14,25.11,25.3
26,pulse,25.14,25.11,25.3
26,pulse,25.15,25.11,25.3
26,pulse,25.15,25.11,25.3
26,pulse,25.16,25.11,25.3
26,pulse,25.16,25.11,25.3
26,pulse,25.17,25.11,25.3
26,pulse,25.17,25.11,25.3
26,pulse,25.18,25.11,25.3
26,pulse,25.18,25.11,25.3
26,pulse,25.19,25.11,25.3
26,pulse,25.19,25.11,25.3
26,pulse,25.2,25.11,25.3
26,pulse,25.2,25.11,25.3
26,pulse,25.21,25.11,25.3
26,pulse,25.21,25.11,25.3
26,pulse,25.22,25.11,25.3
26,pulse,25.22,25.11,25.3
26,pulse,25.23,25.11,25.3
26,pulse,25.23,25.11,25.3
26,pulse,25.24,25.11,25.3
26,pulse,25.24,25.11,25.3
26,pulse,25.25,25.11,25.3
26,pulse,25.25,25.11,25.3
26,pulse,25.26,25.11,25.3
26,pulse,25.26,25.11,25.3
26,pulse,25.27,25.11,25.3
26,pulse,25.27,25.11,25.3
26,pulse,25.28,25.11,25.3
26,pulse,25.28,25.11,25.3
26,pulse,25.29,25.11,25.3
26,pulse,25.29,25.11,25.3
26,pulse,25.3,25.11,25.3
26,pulse,25.3,25.11,25.3
26,breath,25.34,25.34,26.04
26,breath,25.37,25.34,26.04
26,breath,25.39,25.34,26.04
26,breath,25.42,25.34,26.04
26,breath,25.45,25.34,26.04
26,breath,25.48,25.34,26.04
26,breath,25.51,25.34,26.04
26,breath,25.54,25.34,26.04
26,breath,25.57,25.34,26.04
26,breath,26.01,25.34,26.04
26,breath,26.04,25.34,26.04
27,pulse,26.07,26.07,26.28
27,pulse,26.07,26.07,26.28
27,pulse,26.1,26.07,26.28
27,pulse,26.1,26.07,26.28
27,pulse,26.11,26.07,26.28
27,pulse,26.11,26.07,26.28
27,pulse,26.12,26.07,26.28
27,pulse,26.12,26.07,26.28
27,pulse,26.13,26.07,26.28
27,pulse,26.13,26.07,26.28
27,pulse,26.14,26.07,26.28
27,pulse,26.14,26.07,26.28
27,pulse,26.15,26.07,26.28
27,pulse,26.15,26.07,26.28
27,pulse,26.16,26.07,26.28
27,pulse,26.16,26.07,26.28
27,pulse,26.17,26.07,26.28
27,pulse,26.17,26.07,26.28
27,pulse,26.19,26.07,26.28
27,pulse,26.19,26.07,26.28
27,pulse,26.21,26.07,26.28
27,pulse,26.21,26.07,26.28
27,pulse,26.23,26.07,26.28
27,pulse,26.23,26.07,26.28
27,pulse,26.24,26.07,26.28
27,pulse,26.24,26.07,26.28
27,pulse,26.25,26.07,26.28
27,pulse,26.25,26.07,26.28
27,pulse,26.26,26.07,26.28
27,pulse,26.26,26.07,26.28
27,pulse,26.27,26.07,26.28
27,pulse,26.27,26.07,26.28
27,pulse,26.28,26.07,26.28
27,pulse,26.28,26.07,26.28
27,breath,26.34,26.34,26.59
27,breath,26.37,26.34,26.59
27,breath,26.4,26.34,26.59
27,breath,26.43,26.34,26.59
27,breath,26.44,26.34,26.59
27,breath,26.47,26.34,26.59
27,breath,26.5,26.34,26.59
27,breath,26.53,26.34,26.59
27,breath,26.55,26.34,26.59
27,breath,26.59,26.34,26.59
28,pulse,27.2,27.2,27.54
28,pulse,27.2,27.2,27.54
28,pulse,27.31,27.2,27.54
28,pulse,27.31,27.2,27.54
28,pulse,27.32,27.2,27.54
28,pulse,27.32,27.2,27.54
28,pulse,27.33,27.2,27.54
28,pulse,27.33,27.2,27.54
28,pulse,27.35,27.2,27.54
28,pulse,27.35,27.2,27.54
28,pulse,27.36,27.2,27.54
28,pulse,27.36,27.2,27.54
28,pulse,27.37,27.2,27.54
28,pulse,27.37,27.2,27.54
28,pulse,27.38,27.2,27.54
28,pulse,27.38,27.2,27.54
28,pulse,27.39,27.2,27.54
28,pulse,27.39,27.2,27.54
28,pulse,27.4,27.2,27.54
28,pulse,27.4,27.2,27.54
28,pulse,27.41,27.2,27.54
28,pulse,27.41,27.2,27.54
28,pulse,27.42,27.2,27.54
28,pulse,27.42,27.2,27.54
28,pulse,27.43,27.2,27.54
28,pulse,27.43,27.2,27.54
28,pulse,27.44,27.2,27.54
28,pulse,27.44,27.2,27.54
28,pulse,27.45,27.2,27.54
28,pulse,27.45,27.2,27.54
28,pulse,27.46,27.2,27.54
28,pulse,27.46,27.2,27.54
28,pulse,27.47,27.2,27.54
28,pulse,27.47,27.2,27.54
28,pulse,27.48,27.2,27.54
28,pulse,27.48,27.2,27.54
28,pulse,27.49,27.2,27.54
28,pulse,27.49,27.2,27.54
28,pulse,27.5,27.2,27.54
28,pulse,27.5,27.2,27.54
28,pulse,27.51,27.2,27.54
28,pulse,27.51,27.2,27.54
28,pulse,27.52,27.2,27.54
28,pulse,27.52,27.2,27.54
28,breath,27.58,27.58,28.23
28,breath,28.01,27.58,28.23
28,breath,28.04,27.58,28.23
28,breath,28.07,27.58,28.23
28,breath,28.11,27.58,28.23
28,breath,28.14,27.58,28.23
28,breath,28.18,27.58,28.23
28,breath,28.21,27.58,28.23
28,breath,28.23,27.58,28.23
29,breath,29.04,29.04,29.26
29,breath,29.07,29.04,29.26
29,breath,29.11,29.04,29.26
29,breath,29.12,29.04,29.26
29,breath,29.15,29.04,29.26
29,breath,29.18,29.04,29.26
29,breath,29.2,29.04,29.26
29,breath,29.23,29.04,29.26
29,breath,29.26,29.04,29.26
29,pulse,29.37,29.37,29.59
29,pulse,29.37,29.37,29.59
29,pulse,29.38,29.37,29.59
29,pulse,29.38,29.37,29.59
29,pulse,29.39,29.37,29.59
29,pulse,29.39,29.37,29.59
29,pulse,29.4,29.37,29.59
29,pulse,29.4,29.37,29.59
29,pulse,29.41,29.37,29.59
29,pulse,29.41,29.37,29.59
29,pulse,29.42,29.37,29.59
29,pulse,29.42,29.37,29.59
29,pulse,29.43,29.37,29.59
29,pulse,29.43,29.37,29.59
29,pulse,29.44,29.37,29.59
29,pulse,29.44,29.37,29.59
29,pulse,29.45,29.37,29.59
29,pulse,29.45,29.37,29.59
29,pulse,29.46,29.37,29.59
29,pulse,29.46,29.37,29.59
29,pulse,29.47,29.37,29.59
29,pulse,29.47,29.37,29.59
29,pulse,29.48,29.37,29.59
29,pulse,29.48,29.37,29.59
29,pulse,29.49,29.37,29.59
29,pulse,29.49,29.37,29.59
29,pulse,29.5,29.37,29.59
29,pulse,29.5,29.37,29.59
29,pulse,29.51,29.37,29.59
29,pulse,29.51,29.37,29.59
29,pulse,29.52,29.37,29.59
29,pulse,29.52,29.37,29.59
29,pulse,29.53,29.37,29.59
29,pulse,29.53,29.37,29.59
29,pulse,29.54,29.37,29.59
29,pulse,29.54,29.37,29.59
29,pulse,29.55,29.37,29.59
29,pulse,29.55,29.37,29.59
29,pulse,29.56,29.37,29.59
29,pulse,29.56,29.37,29.59
29,pulse,29.57,29.37,29.59
29,pulse,29.57,29.37,29.59
29,pulse,29.58,29.37,29.59
29,pulse,29.58,29.37,29.59
29,pulse,29.59,29.37,29.59
29,pulse,29.59,29.37,29.59
30,pulse,29.36,29.36,30
30,pulse,29.36,29.36,30
30,breath,29.36,29.36,30.26
30,pulse,29.37,29.36,30
30,pulse,29.37,29.36,30
30,pulse,29.38,29.36,30
30,pulse,29.38,29.36,30
30,pulse,29.39,29.36,30
30,pulse,29.39,29.36,30
30,pulse,29.4,29.36,30
30,pulse,29.4,29.36,30
30,pulse,29.41,29.36,30
30,pulse,29.41,29.36,30
30,pulse,29.42,29.36,30
30,pulse,29.42,29.36,30
30,pulse,29.43,29.36,30
30,pulse,29.43,29.36,30
30,pulse,29.44,29.36,30
30,pulse,29.44,29.36,30
30,pulse,29.45,29.36,30
30,pulse,29.45,29.36,30
30,pulse,29.46,29.36,30
30,pulse,29.46,29.36,30
30,pulse,29.47,29.36,30
30,pulse,29.47,29.36,30
30,pulse,29.48,29.36,30
30,pulse,29.48,29.36,30
30,pulse,29.49,29.36,30
30,pulse,29.49,29.36,30
30,pulse,29.5,29.36,30
30,pulse,29.5,29.36,30
30,pulse,29.51,29.36,30
30,pulse,29.51,29.36,30
30,pulse,29.52,29.36,30
30,pulse,29.52,29.36,30
30,pulse,29.53,29.36,30
30,pulse,29.53,29.36,30
30,pulse,29.55,29.36,30
30,pulse,29.55,29.36,30
30,pulse,29.57,29.36,30
30,pulse,29.57,29.36,30
30,breath,30.01,29.36,30.26
30,breath,30.03,29.36,30.26
30,breath,30.06,29.36,30.26
30,breath,30.09,29.36,30.26
30,breath,30.12,29.36,30.26
30,breath,30.15,29.36,30.26
30,breath,30.17,29.36,30.26
30,breath,30.2,29.36,30.26
30,breath,30.23,29.36,30.26
30,breath,30.26,29.36,30.26
31,pulse,30.31,30.31,30.55
31,pulse,30.31,30.31,30.55
31,pulse,30.32,30.31,30.55
31,pulse,30.32,30.31,30.55
31,pulse,30.33,30.31,30.55
31,pulse,30.33,30.31,30.55
31,pulse,30.34,30.31,30.55
31,pulse,30.34,30.31,30.55
31,pulse,30.35,30.31,30.55
31,pulse,30.35,30.31,30.55
31,pulse,30.36,30.31,30.55
31,pulse,30.36,30.31,30.55
31,pulse,30.37,30.31,30.55
31,pulse,30.37,30.31,30.55
31,pulse,30.38,30.31,30.55
31,pulse,30.38,30.31,30.55
31,pulse,30.39,30.31,30.55
31,pulse,30.39,30.31,30.55
31,pulse,30.41,30.31,30.55
31,pulse,30.41,30.31,30.55
31,pulse,30.42,30.31,30.55
31,pulse,30.42,30.31,30.55
31,pulse,30.43,30.31,30.55
31,pulse,30.43,30.31,30.55
31,pulse,30.44,30.31,30.55
31,pulse,30.44,30.31,30.55
31,pulse,30.45,30.31,30.55
31,pulse,30.45,30.31,30.55
31,pulse,30.46,30.31,30.55
31,pulse,30.46,30.31,30.55
31,pulse,30.47,30.31,30.55
31,pulse,30.47,30.31,30.55
31,pulse,30.48,30.31,30.55
31,pulse,30.48,30.31,30.55
31,pulse,30.49,30.31,30.55
31,pulse,30.49,30.31,30.55
31,pulse,30.51,30.31,30.55
31,pulse,30.51,30.31,30.55
31,pulse,30.52,30.31,30.55
31,pulse,30.52,30.31,30.55
31,breath,31,31,31.24
31,breath,31.03,31,31.24
31,breath,31.06,31,31.24
31,breath,31.08,31,31.24
31,breath,31.11,31,31.24
31,breath,31.13,31,31.24
31,breath,31.15,31,31.24
31,breath,31.16,31,31.24
31,breath,31.18,31,31.24
31,breath,31.19,31,31.24
31,breath,31.22,31,31.24
31,breath,31.24,31,31.24
32,pulse,31.33,31.33,31.59
32,pulse,31.33,31.33,31.59
32,pulse,31.34,31.33,31.59
32,pulse,31.34,31.33,31.59
32,pulse,31.35,31.33,31.59
32,pulse,31.35,31.33,31.59
32,pulse,31.36,31.33,31.59
32,pulse,31.36,31.33,31.59
32,pulse,31.37,31.33,31.59
32,pulse,31.37,31.33,31.59
32,pulse,31.38,31.33,31.59
32,pulse,31.38,31.33,31.59
32,pulse,31.39,31.33,31.59
32,pulse,31.39,31.33,31.59
32,pulse,31.4,31.33,31.59
32,pulse,31.4,31.33,31.59
32,pulse,31.41,31.33,31.59
32,pulse,31.41,31.33,31.59
32,pulse,31.42,31.33,31.59
32,pulse,31.42,31.33,31.59
32,pulse,31.43,31.33,31.59
32,pulse,31.43,31.33,31.59
32,pulse,31.44,31.33,31.59
32,pulse,31.44,31.33,31.59
32,pulse,31.45,31.33,31.59
32,pulse,31.45,31.33,31.59
32,pulse,31.46,31.33,31.59
32,pulse,31.46,31.33,31.59
32,pulse,31.47,31.33,31.59
32,pulse,31.47,31.33,31.59
32,pulse,31.48,31.33,31.59
32,pulse,31.48,31.33,31.59
32,pulse,31.49,31.33,31.59
32,pulse,31.49,31.33,31.59
32,pulse,31.5,31.33,31.59
32,pulse,31.5,31.33,31.59
32,pulse,31.51,31.33,31.59
32,pulse,31.51,31.33,31.59
32,pulse,31.53,31.33,31.59
32,pulse,31.53,31.33,31.59
32,pulse,31.55,31.33,31.59
32,pulse,31.55,31.33,31.59
32,pulse,31.57,31.33,31.59
32,pulse,31.57,31.33,31.59
32,pulse,31.59,31.33,31.59
32,pulse,31.59,31.33,31.59
32,breath,32.05,32.05,32.3
32,breath,32.08,32.05,32.3
32,breath,32.11,32.05,32.3
32,breath,32.14,32.05,32.3
32,breath,32.16,32.05,32.3
32,breath,32.18,32.05,32.3
32,breath,32.22,32.05,32.3
32,breath,32.25,32.05,32.3
32,breath,32.27,32.05,32.3
32,breath,32.3,32.05,32.3
33,pulse,32.5,32.5,33.14
33,pulse,32.5,32.5,33.14
33,pulse,32.51,32.5,33.14
33,pulse,32.51,32.5,33.14
33,pulse,32.52,32.5,33.14
33,pulse,32.52,32.5,33.14
33,pulse,32.53,32.5,33.14
33,pulse,32.53,32.5,33.14
33,pulse,32.54,32.5,33.14
33,pulse,32.54,32.5,33.14
33,pulse,32.55,32.5,33.14
33,pulse,32.55,32.5,33.14
33,pulse,32.56,32.5,33.14
33,pulse,32.56,32.5,33.14
33,pulse,32.57,32.5,33.14
33,pulse,32.57,32.5,33.14
33,pulse,32.58,32.5,33.14
33,pulse,32.58,32.5,33.14
33,pulse,32.59,32.5,33.14
33,pulse,32.59,32.5,33.14
33,pulse,33,32.5,33.14
33,pulse,33,32.5,33.14
33,pulse,33.01,32.5,33.14
33,pulse,33.01,32.5,33.14
33,pulse,33.02,32.5,33.14
33,pulse,33.02,32.5,33.14
33,pulse,33.03,32.5,33.14
33,pulse,33.03,32.5,33.14
33,pulse,33.04,32.5,33.14
33,pulse,33.04,32.5,33.14
33,pulse,33.05,32.5,33.14
33,pulse,33.05,32.5,33.14
33,pulse,33.06,32.5,33.14
33,pulse,33.06,32.5,33.14
33,pulse,33.07,32.5,33.14
33,pulse,33.07,32.5,33.14
33,pulse,33.08,32.5,33.14
33,pulse,33.08,32.5,33.14
33,pulse,33.09,32.5,33.14
33,pulse,33.09,32.5,33.14
33,pulse,33.1,32.5,33.14
33,pulse,33.1,32.5,33.14
33,pulse,33.11,32.5,33.14
33,pulse,33.11,32.5,33.14
33,pulse,33.12,32.5,33.14
33,pulse,33.12,32.5,33.14
33,pulse,33.14,32.5,33.14
33,pulse,33.14,32.5,33.14
33,breath,33.15,33.15,33.4
33,breath,33.19,33.15,33.4
33,breath,33.22,33.15,33.4
33,breath,33.25,33.15,33.4
33,breath,33.28,33.15,33.4
33,breath,33.31,33.15,33.4
33,breath,33.34,33.15,33.4
33,breath,33.37,33.15,33.4
33,breath,33.4,33.15,33.4
34,pulse,33.42,33.42,34.06
34,pulse,33.42,33.42,34.06
34,pulse,33.45,33.42,34.06
34,pulse,33.45,33.42,34.06
34,pulse,33.51,33.42,34.06
34,pulse,33.51,33.42,34.06
34,pulse,33.52,33.42,34.06
34,pulse,33.52,33.42,34.06
34,pulse,33.53,33.42,34.06
34,pulse,33.53,33.42,34.06
34,pulse,33.54,33.42,34.06
34,pulse,33.54,33.42,34.06
34,pulse,33.55,33.42,34.06
34,pulse,33.55,33.42,34.06
34,pulse,33.56,33.42,34.06
34,pulse,33.56,33.42,34.06
34,pulse,33.57,33.42,34.06
34,pulse,33.57,33.42,34.06
34,pulse,33.58,33.42,34.06
34,pulse,33.58,33.42,34.06
34,pulse,33.59,33.42,34.06
34,pulse,33.59,33.42,34.06
34,pulse,34,33.42,34.06
34,pulse,34,33.42,34.06
34,pulse,34.02,33.42,34.06
34,pulse,34.02,33.42,34.06
34,pulse,34.04,33.42,34.06
34,pulse,34.04,33.42,34.06
34,pulse,34.06,33.42,34.06
34,pulse,34.06,33.42,34.06
34,pulse,34.08,33.42,34.06
34,pulse,34.08,33.42,34.06
34,pulse,34.11,33.42,34.06
34,pulse,34.11,33.42,34.06
34,pulse,34.13,33.42,34.06
34,pulse,34.13,33.42,34.06
34,breath,34.17,34.17,34.45
34,breath,34.2,34.17,34.45
34,breath,34.23,34.17,34.45
34,breath,34.26,34.17,34.45
34,breath,34.29,34.17,34.45
34,breath,34.32,34.17,34.45
34,breath,34.36,34.17,34.45
34,breath,34.4,34.17,34.45
34,breath,34.42,34.17,34.45
34,breath,34.45,34.17,34.45
35,pulse,34.54,34.54,35.18
35,pulse,34.54,34.54,35.18
35,pulse,34.55,34.54,35.18
35,pulse,34.55,34.54,35.18
35,pulse,34.56,34.54,35.18
35,pulse,34.56,34.54,35.18
35,pulse,34.57,34.54,35.18
35,pulse,34.57,34.54,35.18
35,pulse,34.58,34.54,35.18
35,pulse,34.58,34.54,35.18
35,pulse,34.59,34.54,35.18
35,pulse,34.59,34.54,35.18
35,pulse,35,34.54,35.18
35,pulse,35,34.54,35.18
35,pulse,35.01,34.54,35.18
35,pulse,35.01,34.54,35.18
35,pulse,35.02,34.54,35.18
35,pulse,35.02,34.54,35.18
35,pulse,35.03,34.54,35.18
35,pulse,35.03,34.54,35.18
35,pulse,35.05,34.54,35.18
35,pulse,35.05,34.54,35.18
35,pulse,35.07,34.54,35.18
35,pulse,35.07,34.54,35.18
35,pulse,35.08,34.54,35.18
35,pulse,35.08,34.54,35.18
35,pulse,35.09,34.54,35.18
35,pulse,35.09,34.54,35.18
35,pulse,35.1,34.54,35.18
35,pulse,35.1,34.54,35.18
35,breath,35.19,35.19,35.43
35,breath,35.22,35.19,35.43
35,breath,35.26,35.19,35.43
35,breath,35.28,35.19,35.43
35,breath,35.31,35.19,35.43
35,breath,35.34,35.19,35.43
35,breath,35.36,35.19,35.43
35,breath,35.38,35.19,35.43
35,breath,35.4,35.19,35.43
35,breath,35.43,35.19,35.43
36,pulse,35.56,35.56,36.24
36,pulse,35.56,35.56,36.24
36,pulse,35.58,35.56,36.24
36,pulse,35.58,35.56,36.24
36,pulse,36,35.56,36.24
36,pulse,36,35.56,36.24
36,pulse,36.02,35.56,36.24
36,pulse,36.02,35.56,36.24
36,pulse,36.04,35.56,36.24
36,pulse,36.04,35.56,36.24
36,pulse,36.06,35.56,36.24
36,pulse,36.06,35.56,36.24
36,pulse,36.07,35.56,36.24
36,pulse,36.07,35.56,36.24
36,pulse,36.08,35.56,36.24
36,pulse,36.08,35.56,36.24
36,pulse,36.09,35.56,36.24
36,pulse,36.09,35.56,36.24
36,pulse,36.1,35.56,36.24
36,pulse,36.1,35.56,36.24
36,pulse,36.11,35.56,36.24
36,pulse,36.11,35.56,36.24
36,pulse,36.12,35.56,36.24
36,pulse,36.12,35.56,36.24
36,pulse,36.13,35.56,36.24
36,pulse,36.13,35.56,36.24
36,pulse,36.14,35.56,36.24
36,pulse,36.14,35.56,36.24
36,pulse,36.15,35.56,36.24
36,pulse,36.15,35.56,36.24
36,pulse,36.16,35.56,36.24
36,pulse,36.16,35.56,36.24
36,pulse,36.17,35.56,36.24
36,pulse,36.17,35.56,36.24
36,pulse,36.18,35.56,36.24
36,pulse,36.18,35.56,36.24
36,pulse,36.19,35.56,36.24
36,pulse,36.19,35.56,36.24
36,breath,36.19,36.19,36.44
36,pulse,36.2,35.56,36.24
36,pulse,36.2,35.56,36.24
36,pulse,36.21,35.56,36.24
36,pulse,36.21,35.56,36.24
36,pulse,36.22,35.56,36.24
36,pulse,36.22,35.56,36.24
36,breath,36.22,36.19,36.44
36,pulse,36.23,35.56,36.24
36,pulse,36.23,35.56,36.24
36,pulse,36.24,35.56,36.24
36,pulse,36.24,35.56,36.24
36,breath,36.24,36.19,36.44
36,breath,36.27,36.19,36.44
36,breath,36.31,36.19,36.44
36,breath,36.34,36.19,36.44
36,breath,36.36,36.19,36.44
36,breath,36.39,36.19,36.44
36,breath,36.41,36.19,36.44